signal_date,theme,signal_type,signal_strength,tier,total_return,strategy
2025-02-09,반도체 장비,leadership,2.75,,-4.556622496650722,buy_hold
2025-02-09,반도체 장비,leadership,1.375,,-4.556622496650722,buy_hold
2025-02-09,은행,leadership,3.0,,2.646765410505831,buy_hold
2025-02-09,은행,leadership,1.6675,,2.646765410505831,buy_hold
2025-02-09,은행,leadership,1.1116666666666668,,2.646765410505831,buy_hold
2025-02-09,제약업체,leadership,1.0050000000000001,,-2.390258332688812,buy_hold
2025-02-09,증권,leadership,1.175,,11.35906451604,buy_hold
2025-02-09,풍력에너지,leadership,3.0,,5.598015808312939,buy_hold
2025-02-09,풍력에너지,leadership,2.0524999999999998,,5.598015808312939,buy_hold
2025-02-09,풍력에너지,leadership,1.3683333333333332,,5.598015808312939,buy_hold
2025-02-09,태양광에너지,leadership,3.0,,5.626186890664695,buy_hold
2025-02-09,태양광에너지,leadership,1.6875,,5.626186890664695,buy_hold
2025-02-09,태양광에너지,leadership,1.125,,5.626186890664695,buy_hold
2025-02-09,4차산업 수혜주,leadership,2.0,,1.8828825089085581,buy_hold
2025-02-09,4차산업 수혜주,leadership,1.0,,1.8828825089085581,buy_hold
2025-02-09,자율주행차,leadership,2.31,,-12.107295065370735,buy_hold
2025-02-09,자율주행차,leadership,1.155,,-12.107295065370735,buy_hold
2025-02-09,2차전지,leadership,3.0,,-1.3981464600437776,buy_hold
2025-02-09,2차전지,leadership,1.605,,-1.3981464600437776,buy_hold
2025-02-09,2차전지,leadership,1.07,,-1.3981464600437776,buy_hold
2025-02-09,2차전지,leadership,3.0,,-1.3981464600437776,buy_hold
2025-02-09,2차전지,leadership,1.605,,-1.3981464600437776,buy_hold
2025-02-09,2차전지,leadership,1.07,,-1.3981464600437776,buy_hold
2025-02-09,건설 대표주,leadership,1.6649999999999998,,17.82300816665213,buy_hold
2025-02-09,2차전지,leadership,3.0,,-1.3981464600437776,buy_hold
2025-02-09,2차전지,leadership,1.605,,-1.3981464600437776,buy_hold
2025-02-09,2차전지,leadership,1.07,,-1.3981464600437776,buy_hold
2025-02-09,광고,leadership,1.6649999999999998,,0.37289779925855365,buy_hold
2025-02-09,카지노,leadership,1.6649999999999998,,10.507432862096946,buy_hold
2025-02-09,윤활유,leadership,3.0,,-0.6149199627197293,buy_hold
2025-02-09,윤활유,leadership,1.6675,,-0.6149199627197293,buy_hold
2025-02-09,윤활유,leadership,1.1116666666666668,,-0.6149199627197293,buy_hold
2025-02-09,자원개발,leadership,2.2199999999999998,,0.70136796366485,buy_hold
2025-02-09,자원개발,leadership,1.1099999999999999,,0.70136796366485,buy_hold
2025-02-09,은행,leadership,3.0,,2.646765410505831,buy_hold
2025-02-09,은행,leadership,1.6675,,2.646765410505831,buy_hold
2025-02-09,은행,leadership,1.1116666666666668,,2.646765410505831,buy_hold
2025-02-09,2차전지,leadership,3.0,,-1.3981464600437776,buy_hold
2025-02-09,2차전지,leadership,1.605,,-1.3981464600437776,buy_hold
2025-02-09,2차전지,leadership,1.07,,-1.3981464600437776,buy_hold
2025-02-09,유리 기판,leadership,2.855,,-15.378278975503923,buy_hold
2025-02-09,유리 기판,leadership,1.4275,,-15.378278975503923,buy_hold
2025-02-09,GTX(수도권 광역급행철도),leadership,3.0,,12.792151665252195,buy_hold
2025-02-09,GTX(수도권 광역급행철도),leadership,1.5525,,12.792151665252195,buy_hold
2025-02-09,GTX(수도권 광역급행철도),leadership,1.035,,12.792151665252195,buy_hold
2025-02-09,사물인터넷,leadership,2.1350000000000002,,-1.957735952482915,buy_hold
2025-02-09,사물인터넷,leadership,1.0675000000000001,,-1.957735952482915,buy_hold
2025-02-09,전력설비,leadership,3.0,,0.1719600273420562,buy_hold
2025-02-09,전력설비,leadership,1.5,,0.1719600273420562,buy_hold
2025-02-09,전력설비,leadership,1.0,,0.1719600273420562,buy_hold
2025-02-09,전기차,leadership,2.0100000000000002,,-2.554720020762524,buy_hold
2025-02-09,전기차,leadership,1.0050000000000001,,-2.554720020762524,buy_hold
2025-02-09,증권,leadership,1.175,,11.35906451604,buy_hold
2025-02-09,비료,leadership,3.0,,0.7943195528307371,buy_hold
2025-02-09,비료,leadership,1.6675,,0.7943195528307371,buy_hold
2025-02-09,비료,leadership,1.1116666666666668,,0.7943195528307371,buy_hold
2025-02-09,갤럭시 부품주,leadership,1.6649999999999998,,-4.090435081102059,buy_hold
2025-02-09,폴더블폰,leadership,2.02,,-5.765618601694338,buy_hold
2025-02-09,폴더블폰,leadership,1.01,,-5.765618601694338,buy_hold
2025-02-09,석유화학,leadership,3.0,,7.747120555150359,buy_hold
2025-02-09,석유화학,leadership,1.6675,,7.747120555150359,buy_hold
2025-02-09,석유화학,leadership,1.1116666666666668,,7.747120555150359,buy_hold
2025-02-09,블록체인,leadership,1.6649999999999998,,-1.740122184362901,buy_hold
2025-02-09,2차전지,leadership,3.0,,-1.3981464600437776,buy_hold
2025-02-09,2차전지,leadership,1.605,,-1.3981464600437776,buy_hold
2025-02-09,2차전지,leadership,1.07,,-1.3981464600437776,buy_hold
2025-02-09,2차전지,leadership,3.0,,-1.3981464600437776,buy_hold
2025-02-09,2차전지,leadership,1.605,,-1.3981464600437776,buy_hold
2025-02-09,2차전지,leadership,1.07,,-1.3981464600437776,buy_hold
2025-02-09,2차전지,leadership,3.0,,-1.3981464600437776,buy_hold
2025-02-09,2차전지,leadership,1.605,,-1.3981464600437776,buy_hold
2025-02-09,2차전지,leadership,1.07,,-1.3981464600437776,buy_hold
2025-02-09,전기차,leadership,2.0100000000000002,,-2.554720020762524,buy_hold
2025-02-09,전기차,leadership,1.0050000000000001,,-2.554720020762524,buy_hold
2025-02-09,OLED(유기 발광 다이오드),leadership,1.5699999999999998,,-4.330426850297006,buy_hold
2025-02-09,전기차,leadership,2.0100000000000002,,-2.554720020762524,buy_hold
2025-02-09,전기차,leadership,1.0050000000000001,,-2.554720020762524,buy_hold
2025-02-09,네옴시티,leadership,3.0,,5.534152301965981,buy_hold
2025-02-09,네옴시티,leadership,2.2375,,5.534152301965981,buy_hold
2025-02-09,네옴시티,leadership,1.4916666666666667,,5.534152301965981,buy_hold
2025-02-09,제대혈,leadership,2.5,,-7.582847454343255,buy_hold
2025-02-09,제대혈,leadership,1.25,,-7.582847454343255,buy_hold
2025-02-09,태풍 및 장마,leadership,1.6649999999999998,,2.5435264702342697,buy_hold
2025-02-09,남북경협,leadership,3.0,,6.977665834505018,buy_hold
2025-02-09,남북경협,leadership,1.8175000000000001,,6.977665834505018,buy_hold
2025-02-09,남북경협,leadership,1.2116666666666667,,6.977665834505018,buy_hold
2025-02-09,그래핀,leadership,3.0,,10.150460663978702,buy_hold
2025-02-09,그래핀,leadership,1.6675,,10.150460663978702,buy_hold
2025-02-09,그래핀,leadership,1.1116666666666668,,10.150460663978702,buy_hold
2025-02-09,자전거,leadership,2.5,,2.4082760180224603,buy_hold
2025-02-09,자전거,leadership,1.25,,2.4082760180224603,buy_hold
2025-02-09,자전거,leadership,2.5,,2.4082760180224603,buy_hold
2025-02-09,자전거,leadership,1.25,,2.4082760180224603,buy_hold
2025-02-16,반도체 장비,leadership,2.75,,-6.887635598733086,buy_hold
2025-02-16,반도체 장비,leadership,1.375,,-6.887635598733086,buy_hold
2025-02-16,은행,leadership,3.0,,4.326028453607966,buy_hold
2025-02-16,은행,leadership,1.6675,,4.326028453607966,buy_hold
2025-02-16,은행,leadership,1.1116666666666668,,4.326028453607966,buy_hold
2025-02-16,제약업체,leadership,1.0050000000000001,,-1.1753198722170035,buy_hold
2025-02-16,증권,leadership,1.175,,10.190315917193992,buy_hold
2025-02-16,풍력에너지,tier,1.573624107546046,2.0,6.64347240752957,buy_hold
2025-02-16,풍력에너지,leadership,3.0,,6.64347240752957,buy_hold
2025-02-16,풍력에너지,leadership,2.0524999999999998,,6.64347240752957,buy_hold
2025-02-16,풍력에너지,leadership,1.3683333333333332,,6.64347240752957,buy_hold
2025-02-16,태양광에너지,leadership,3.0,,5.495593099742248,buy_hold
2025-02-16,태양광에너지,leadership,1.6875,,5.495593099742248,buy_hold
2025-02-16,태양광에너지,leadership,1.125,,5.495593099742248,buy_hold
2025-02-16,4차산업 수혜주,leadership,2.0,,3.4768811620090774,buy_hold
2025-02-16,4차산업 수혜주,leadership,1.0,,3.4768811620090774,buy_hold
2025-02-16,자율주행차,leadership,2.31,,-10.59916315102516,buy_hold
2025-02-16,자율주행차,leadership,1.155,,-10.59916315102516,buy_hold
2025-02-16,2차전지,leadership,3.0,,-3.815144328140508,buy_hold
2025-02-16,2차전지,leadership,1.605,,-3.815144328140508,buy_hold
2025-02-16,2차전지,leadership,1.07,,-3.815144328140508,buy_hold
2025-02-16,2차전지,leadership,3.0,,-3.815144328140508,buy_hold
2025-02-16,2차전지,leadership,1.605,,-3.815144328140508,buy_hold
2025-02-16,2차전지,leadership,1.07,,-3.815144328140508,buy_hold
2025-02-16,건설 대표주,leadership,1.6649999999999998,,12.704192403803612,buy_hold
2025-02-16,원자력발전,tier,1.9515149537245124,2.0,2.111796699121791,buy_hold
2025-02-16,2차전지,leadership,3.0,,-3.815144328140508,buy_hold
2025-02-16,2차전지,leadership,1.605,,-3.815144328140508,buy_hold
2025-02-16,2차전지,leadership,1.07,,-3.815144328140508,buy_hold
2025-02-16,광고,leadership,1.6649999999999998,,4.427715197578565,buy_hold
2025-02-16,카지노,leadership,1.6649999999999998,,11.895280909095064,buy_hold
2025-02-16,윤활유,leadership,3.0,,-2.8292236079050674,buy_hold
2025-02-16,윤활유,leadership,1.6675,,-2.8292236079050674,buy_hold
2025-02-16,윤활유,leadership,1.1116666666666668,,-2.8292236079050674,buy_hold
2025-02-16,자원개발,leadership,2.2199999999999998,,-3.9714114613836324,buy_hold
2025-02-16,자원개발,leadership,1.1099999999999999,,-3.9714114613836324,buy_hold
2025-02-16,은행,leadership,3.0,,4.326028453607966,buy_hold
2025-02-16,은행,leadership,1.6675,,4.326028453607966,buy_hold
2025-02-16,은행,leadership,1.1116666666666668,,4.326028453607966,buy_hold
2025-02-16,2차전지,leadership,3.0,,-3.815144328140508,buy_hold
2025-02-16,2차전지,leadership,1.605,,-3.815144328140508,buy_hold
2025-02-16,2차전지,leadership,1.07,,-3.815144328140508,buy_hold
2025-02-16,유리 기판,leadership,2.855,,-15.428851709403633,buy_hold
2025-02-16,유리 기판,leadership,1.4275,,-15.428851709403633,buy_hold
2025-02-16,GTX(수도권 광역급행철도),leadership,3.0,,9.398711655096417,buy_hold
2025-02-16,GTX(수도권 광역급행철도),leadership,1.5525,,9.398711655096417,buy_hold
2025-02-16,GTX(수도권 광역급행철도),leadership,1.035,,9.398711655096417,buy_hold
2025-02-16,사물인터넷,leadership,2.1350000000000002,,-2.688817449184393,buy_hold
2025-02-16,사물인터넷,leadership,1.0675000000000001,,-2.688817449184393,buy_hold
2025-02-16,전력설비,leadership,3.0,,0.723688649141309,buy_hold
2025-02-16,전력설비,leadership,1.5,,0.723688649141309,buy_hold
2025-02-16,전력설비,leadership,1.0,,0.723688649141309,buy_hold
2025-02-16,전기차,leadership,2.0100000000000002,,-3.780706011684824,buy_hold
2025-02-16,전기차,leadership,1.0050000000000001,,-3.780706011684824,buy_hold
2025-02-16,증권,leadership,1.175,,10.190315917193992,buy_hold
2025-02-16,비료,leadership,3.0,,1.5252050980739347,buy_hold
2025-02-16,비료,leadership,1.6675,,1.5252050980739347,buy_hold
2025-02-16,비료,leadership,1.1116666666666668,,1.5252050980739347,buy_hold
2025-02-16,갤럭시 부품주,leadership,1.6649999999999998,,-4.932655981004533,buy_hold
2025-02-16,폴더블폰,leadership,2.02,,-5.294423330005454,buy_hold
2025-02-16,폴더블폰,leadership,1.01,,-5.294423330005454,buy_hold
2025-02-16,석유화학,leadership,3.0,,6.6428611420197035,buy_hold
2025-02-16,석유화학,leadership,1.6675,,6.6428611420197035,buy_hold
2025-02-16,석유화학,leadership,1.1116666666666668,,6.6428611420197035,buy_hold
2025-02-16,블록체인,leadership,1.6649999999999998,,0.9331261503237887,buy_hold
2025-02-16,2차전지,leadership,3.0,,-3.815144328140508,buy_hold
2025-02-16,2차전지,leadership,1.605,,-3.815144328140508,buy_hold
2025-02-16,2차전지,leadership,1.07,,-3.815144328140508,buy_hold
2025-02-16,2차전지,leadership,3.0,,-3.815144328140508,buy_hold
2025-02-16,2차전지,leadership,1.605,,-3.815144328140508,buy_hold
2025-02-16,2차전지,leadership,1.07,,-3.815144328140508,buy_hold
2025-02-16,2차전지,leadership,3.0,,-3.815144328140508,buy_hold
2025-02-16,2차전지,leadership,1.605,,-3.815144328140508,buy_hold
2025-02-16,2차전지,leadership,1.07,,-3.815144328140508,buy_hold
2025-02-16,전기차,leadership,2.0100000000000002,,-3.780706011684824,buy_hold
2025-02-16,전기차,leadership,1.0050000000000001,,-3.780706011684824,buy_hold
2025-02-16,OLED(유기 발광 다이오드),leadership,1.5699999999999998,,-3.527291173996376,buy_hold
2025-02-16,전기차,leadership,2.0100000000000002,,-3.780706011684824,buy_hold
2025-02-16,전기차,leadership,1.0050000000000001,,-3.780706011684824,buy_hold
2025-02-16,네옴시티,leadership,3.0,,4.875657676998255,buy_hold
2025-02-16,네옴시티,leadership,2.2375,,4.875657676998255,buy_hold
2025-02-16,네옴시티,leadership,1.4916666666666667,,4.875657676998255,buy_hold
2025-02-16,제대혈,leadership,2.5,,-9.55277014227754,buy_hold
2025-02-16,제대혈,leadership,1.25,,-9.55277014227754,buy_hold
2025-02-16,태풍 및 장마,leadership,1.6649999999999998,,3.283787833868594,buy_hold
2025-02-16,남북경협,leadership,3.0,,9.297321795862016,buy_hold
2025-02-16,남북경협,leadership,1.8175000000000001,,9.297321795862016,buy_hold
2025-02-16,남북경협,leadership,1.2116666666666667,,9.297321795862016,buy_hold
2025-02-16,그래핀,leadership,3.0,,9.443624799000421,buy_hold
2025-02-16,그래핀,leadership,1.6675,,9.443624799000421,buy_hold
2025-02-16,그래핀,leadership,1.1116666666666668,,9.443624799000421,buy_hold
2025-02-16,자전거,leadership,2.5,,4.718839160121976,buy_hold
2025-02-16,자전거,leadership,1.25,,4.718839160121976,buy_hold
2025-02-16,자전거,leadership,2.5,,4.718839160121976,buy_hold
2025-02-16,자전거,leadership,1.25,,4.718839160121976,buy_hold
2025-02-23,반도체 장비,leadership,2.75,,-7.695854754507924,buy_hold
2025-02-23,반도체 장비,leadership,1.375,,-7.695854754507924,buy_hold
2025-02-23,은행,leadership,3.0,,2.6598318200795252,buy_hold
2025-02-23,은행,leadership,1.6675,,2.6598318200795252,buy_hold
2025-02-23,은행,leadership,1.1116666666666668,,2.6598318200795252,buy_hold
2025-02-23,제약업체,leadership,1.0050000000000001,,-1.265933318846762,buy_hold
2025-02-23,증권,leadership,1.175,,12.13775900246235,buy_hold
2025-02-23,풍력에너지,leadership,3.0,,9.051022669794012,buy_hold
2025-02-23,풍력에너지,leadership,2.0524999999999998,,9.051022669794012,buy_hold
2025-02-23,풍력에너지,leadership,1.3683333333333332,,9.051022669794012,buy_hold
2025-02-23,태양광에너지,leadership,3.0,,10.580448216470039,buy_hold
2025-02-23,태양광에너지,leadership,1.6875,,10.580448216470039,buy_hold
2025-02-23,태양광에너지,leadership,1.125,,10.580448216470039,buy_hold
2025-02-23,4차산업 수혜주,leadership,2.0,,0.08975774101311072,buy_hold
2025-02-23,4차산업 수혜주,leadership,1.0,,0.08975774101311072,buy_hold
2025-02-23,자율주행차,leadership,2.31,,-8.005405980688858,buy_hold
2025-02-23,자율주행차,leadership,1.155,,-8.005405980688858,buy_hold
2025-02-23,2차전지,leadership,3.0,,-8.675995210336044,buy_hold
2025-02-23,2차전지,leadership,1.605,,-8.675995210336044,buy_hold
2025-02-23,2차전지,leadership,1.07,,-8.675995210336044,buy_hold
2025-02-23,2차전지,leadership,3.0,,-8.675995210336044,buy_hold
2025-02-23,2차전지,leadership,1.605,,-8.675995210336044,buy_hold
2025-02-23,2차전지,leadership,1.07,,-8.675995210336044,buy_hold
2025-02-23,건설 대표주,leadership,1.6649999999999998,,13.73411691626844,buy_hold
2025-02-23,2차전지,leadership,3.0,,-8.675995210336044,buy_hold
2025-02-23,2차전지,leadership,1.605,,-8.675995210336044,buy_hold
2025-02-23,2차전지,leadership,1.07,,-8.675995210336044,buy_hold
2025-02-23,광고,leadership,1.6649999999999998,,2.4746956556435884,buy_hold
2025-02-23,카지노,leadership,1.6649999999999998,,14.861600294452762,buy_hold
2025-02-23,윤활유,leadership,3.0,,-5.100001541588462,buy_hold
2025-02-23,윤활유,leadership,1.6675,,-5.100001541588462,buy_hold
2025-02-23,윤활유,leadership,1.1116666666666668,,-5.100001541588462,buy_hold
2025-02-23,자원개발,leadership,2.2199999999999998,,-9.196610019070068,buy_hold
2025-02-23,자원개발,leadership,1.1099999999999999,,-9.196610019070068,buy_hold
2025-02-23,은행,leadership,3.0,,2.6598318200795252,buy_hold
2025-02-23,은행,leadership,1.6675,,2.6598318200795252,buy_hold
2025-02-23,은행,leadership,1.1116666666666668,,2.6598318200795252,buy_hold
2025-02-23,2차전지,leadership,3.0,,-8.675995210336044,buy_hold
2025-02-23,2차전지,leadership,1.605,,-8.675995210336044,buy_hold
2025-02-23,2차전지,leadership,1.07,,-8.675995210336044,buy_hold
2025-02-23,유리 기판,leadership,2.855,,-15.379989774694584,buy_hold
2025-02-23,유리 기판,leadership,1.4275,,-15.379989774694584,buy_hold
2025-02-23,GTX(수도권 광역급행철도),leadership,3.0,,9.4301488720438,buy_hold
2025-02-23,GTX(수도권 광역급행철도),leadership,1.5525,,9.4301488720438,buy_hold
2025-02-23,GTX(수도권 광역급행철도),leadership,1.035,,9.4301488720438,buy_hold
2025-02-23,사물인터넷,leadership,2.1350000000000002,,1.3283022587983033,buy_hold
2025-02-23,사물인터넷,leadership,1.0675000000000001,,1.3283022587983033,buy_hold
2025-02-23,전력설비,leadership,3.0,,2.829476859829652,buy_hold
2025-02-23,전력설비,leadership,1.5,,2.829476859829652,buy_hold
2025-02-23,전력설비,leadership,1.0,,2.829476859829652,buy_hold
2025-02-23,전기차,leadership,2.0100000000000002,,-4.939381412126853,buy_hold
2025-02-23,전기차,leadership,1.0050000000000001,,-4.939381412126853,buy_hold
2025-02-23,증권,leadership,1.175,,12.13775900246235,buy_hold
2025-02-23,비료,leadership,3.0,,1.3968445104695588,buy_hold
2025-02-23,비료,leadership,1.6675,,1.3968445104695588,buy_hold
2025-02-23,비료,leadership,1.1116666666666668,,1.3968445104695588,buy_hold
2025-02-23,갤럭시 부품주,leadership,1.6649999999999998,,-5.037586265474763,buy_hold
2025-02-23,폴더블폰,leadership,2.02,,-7.739432097487168,buy_hold
2025-02-23,폴더블폰,leadership,1.01,,-7.739432097487168,buy_hold
2025-02-23,석유화학,leadership,3.0,,2.8052390138488934,buy_hold
2025-02-23,석유화학,leadership,1.6675,,2.8052390138488934,buy_hold
2025-02-23,석유화학,leadership,1.1116666666666668,,2.8052390138488934,buy_hold
2025-02-23,블록체인,leadership,1.6649999999999998,,1.6012307467960853,buy_hold
2025-02-23,2차전지,leadership,3.0,,-8.675995210336044,buy_hold
2025-02-23,2차전지,leadership,1.605,,-8.675995210336044,buy_hold
2025-02-23,2차전지,leadership,1.07,,-8.675995210336044,buy_hold
2025-02-23,2차전지,leadership,3.0,,-8.675995210336044,buy_hold
2025-02-23,2차전지,leadership,1.605,,-8.675995210336044,buy_hold
2025-02-23,2차전지,leadership,1.07,,-8.675995210336044,buy_hold
2025-02-23,2차전지,leadership,3.0,,-8.675995210336044,buy_hold
2025-02-23,2차전지,leadership,1.605,,-8.675995210336044,buy_hold
2025-02-23,2차전지,leadership,1.07,,-8.675995210336044,buy_hold
2025-02-23,전기차,leadership,2.0100000000000002,,-4.939381412126853,buy_hold
2025-02-23,전기차,leadership,1.0050000000000001,,-4.939381412126853,buy_hold
2025-02-23,OLED(유기 발광 다이오드),leadership,1.5699999999999998,,-5.466253488746223,buy_hold
2025-02-23,전기차,leadership,2.0100000000000002,,-4.939381412126853,buy_hold
2025-02-23,전기차,leadership,1.0050000000000001,,-4.939381412126853,buy_hold
2025-02-23,네옴시티,leadership,3.0,,4.1891051776079005,buy_hold
2025-02-23,네옴시티,leadership,2.2375,,4.1891051776079005,buy_hold
2025-02-23,네옴시티,leadership,1.4916666666666667,,4.1891051776079005,buy_hold
2025-02-23,제대혈,leadership,2.5,,-9.542042734568787,buy_hold
2025-02-23,제대혈,leadership,1.25,,-9.542042734568787,buy_hold
2025-02-23,태풍 및 장마,leadership,1.6649999999999998,,16.164834070296404,buy_hold
2025-02-23,남북경협,leadership,3.0,,7.071483190525535,buy_hold
2025-02-23,남북경협,leadership,1.8175000000000001,,7.071483190525535,buy_hold
2025-02-23,남북경협,leadership,1.2116666666666667,,7.071483190525535,buy_hold
2025-02-23,그래핀,leadership,3.0,,1.8661470145782684,buy_hold
2025-02-23,그래핀,leadership,1.6675,,1.8661470145782684,buy_hold
2025-02-23,그래핀,leadership,1.1116666666666668,,1.8661470145782684,buy_hold
2025-02-23,자전거,leadership,2.5,,2.649566031065225,buy_hold
2025-02-23,자전거,leadership,1.25,,2.649566031065225,buy_hold
2025-02-23,자전거,leadership,2.5,,2.649566031065225,buy_hold
2025-02-23,자전거,leadership,1.25,,2.649566031065225,buy_hold
2025-03-02,반도체 장비,leadership,2.75,,-6.113427010627696,buy_hold
2025-03-02,반도체 장비,leadership,1.375,,-6.113427010627696,buy_hold
2025-03-02,은행,leadership,3.0,,3.564698169577049,buy_hold
2025-03-02,은행,leadership,1.6675,,3.564698169577049,buy_hold
2025-03-02,은행,leadership,1.1116666666666668,,3.564698169577049,buy_hold
2025-03-02,제약업체,leadership,1.0050000000000001,,1.5408775771841134,buy_hold
2025-03-02,증권,leadership,1.175,,15.735509443747201,buy_hold
2025-03-02,풍력에너지,leadership,3.0,,12.98772944799453,buy_hold
2025-03-02,풍력에너지,leadership,2.0524999999999998,,12.98772944799453,buy_hold
2025-03-02,풍력에너지,leadership,1.3683333333333332,,12.98772944799453,buy_hold
2025-03-02,태양광에너지,leadership,3.0,,9.6791799964051,buy_hold
2025-03-02,태양광에너지,leadership,1.6875,,9.6791799964051,buy_hold
2025-03-02,태양광에너지,leadership,1.125,,9.6791799964051,buy_hold
2025-03-02,4차산업 수혜주,leadership,2.0,,2.2713744198844807,buy_hold
2025-03-02,4차산업 수혜주,leadership,1.0,,2.2713744198844807,buy_hold
2025-03-02,자율주행차,leadership,2.31,,-8.338485849025107,buy_hold
2025-03-02,자율주행차,leadership,1.155,,-8.338485849025107,buy_hold
2025-03-02,2차전지,leadership,3.0,,-11.966680248179006,buy_hold
2025-03-02,2차전지,leadership,1.605,,-11.966680248179006,buy_hold
2025-03-02,2차전지,leadership,1.07,,-11.966680248179006,buy_hold
2025-03-02,2차전지,leadership,3.0,,-11.966680248179006,buy_hold
2025-03-02,2차전지,leadership,1.605,,-11.966680248179006,buy_hold
2025-03-02,2차전지,leadership,1.07,,-11.966680248179006,buy_hold
2025-03-02,건설 대표주,leadership,1.6649999999999998,,18.657401950683806,buy_hold
2025-03-02,2차전지,leadership,3.0,,-11.966680248179006,buy_hold
2025-03-02,2차전지,leadership,1.605,,-11.966680248179006,buy_hold
2025-03-02,2차전지,leadership,1.07,,-11.966680248179006,buy_hold
2025-03-02,광고,leadership,1.6649999999999998,,-1.855018095657269,buy_hold
2025-03-02,카지노,leadership,1.6649999999999998,,13.915452084443176,buy_hold
2025-03-02,윤활유,leadership,3.0,,-2.8114572884160722,buy_hold
2025-03-02,윤활유,leadership,1.6675,,-2.8114572884160722,buy_hold
2025-03-02,윤활유,leadership,1.1116666666666668,,-2.8114572884160722,buy_hold
2025-03-02,자원개발,leadership,2.2199999999999998,,-10.000451505366705,buy_hold
2025-03-02,자원개발,leadership,1.1099999999999999,,-10.000451505366705,buy_hold
2025-03-02,은행,leadership,3.0,,3.564698169577049,buy_hold
2025-03-02,은행,leadership,1.6675,,3.564698169577049,buy_hold
2025-03-02,은행,leadership,1.1116666666666668,,3.564698169577049,buy_hold
2025-03-02,2차전지,leadership,3.0,,-11.966680248179006,buy_hold
2025-03-02,2차전지,leadership,1.605,,-11.966680248179006,buy_hold
2025-03-02,2차전지,leadership,1.07,,-11.966680248179006,buy_hold
2025-03-02,유리 기판,leadership,2.855,,-14.29290277287791,buy_hold
2025-03-02,유리 기판,leadership,1.4275,,-14.29290277287791,buy_hold
2025-03-02,GTX(수도권 광역급행철도),leadership,3.0,,11.57548706819995,buy_hold
2025-03-02,GTX(수도권 광역급행철도),leadership,1.5525,,11.57548706819995,buy_hold
2025-03-02,GTX(수도권 광역급행철도),leadership,1.035,,11.57548706819995,buy_hold
2025-03-02,사물인터넷,leadership,2.1350000000000002,,0.24161865960462398,buy_hold
2025-03-02,사물인터넷,leadership,1.0675000000000001,,0.24161865960462398,buy_hold
2025-03-02,전력설비,leadership,3.0,,12.446965971493254,buy_hold
2025-03-02,전력설비,leadership,1.5,,12.446965971493254,buy_hold
2025-03-02,전력설비,leadership,1.0,,12.446965971493254,buy_hold
2025-03-02,전기차,leadership,2.0100000000000002,,-6.882693291408073,buy_hold
2025-03-02,전기차,leadership,1.0050000000000001,,-6.882693291408073,buy_hold
2025-03-02,증권,leadership,1.175,,15.735509443747201,buy_hold
2025-03-02,비료,leadership,3.0,,3.4756470389653025,buy_hold
2025-03-02,비료,leadership,1.6675,,3.4756470389653025,buy_hold
2025-03-02,비료,leadership,1.1116666666666668,,3.4756470389653025,buy_hold
2025-03-02,갤럭시 부품주,leadership,1.6649999999999998,,-3.901679540110833,buy_hold
2025-03-02,폴더블폰,leadership,2.02,,-8.945987236903271,buy_hold
2025-03-02,폴더블폰,leadership,1.01,,-8.945987236903271,buy_hold
2025-03-02,석유화학,leadership,3.0,,0.15128619959259962,buy_hold
2025-03-02,석유화학,leadership,1.6675,,0.15128619959259962,buy_hold
2025-03-02,석유화학,leadership,1.1116666666666668,,0.15128619959259962,buy_hold
2025-03-02,블록체인,leadership,1.6649999999999998,,3.39556259176077,buy_hold
2025-03-02,2차전지,leadership,3.0,,-11.966680248179006,buy_hold
2025-03-02,2차전지,leadership,1.605,,-11.966680248179006,buy_hold
2025-03-02,2차전지,leadership,1.07,,-11.966680248179006,buy_hold
2025-03-02,2차전지,leadership,3.0,,-11.966680248179006,buy_hold
2025-03-02,2차전지,leadership,1.605,,-11.966680248179006,buy_hold
2025-03-02,2차전지,leadership,1.07,,-11.966680248179006,buy_hold
2025-03-02,2차전지,leadership,3.0,,-11.966680248179006,buy_hold
2025-03-02,2차전지,leadership,1.605,,-11.966680248179006,buy_hold
2025-03-02,2차전지,leadership,1.07,,-11.966680248179006,buy_hold
2025-03-02,아이폰,tier,1.3463940159960968,2.0,-8.262036962798241,buy_hold
2025-03-02,전기차,leadership,2.0100000000000002,,-6.882693291408073,buy_hold
2025-03-02,전기차,leadership,1.0050000000000001,,-6.882693291408073,buy_hold
2025-03-02,OLED(유기 발광 다이오드),leadership,1.5699999999999998,,-5.585893212712254,buy_hold
2025-03-02,전기차,leadership,2.0100000000000002,,-6.882693291408073,buy_hold
2025-03-02,전기차,leadership,1.0050000000000001,,-6.882693291408073,buy_hold
2025-03-02,네옴시티,leadership,3.0,,5.057704602585603,buy_hold
2025-03-02,네옴시티,leadership,2.2375,,5.057704602585603,buy_hold
2025-03-02,네옴시티,leadership,1.4916666666666667,,5.057704602585603,buy_hold
2025-03-02,제대혈,leadership,2.5,,-6.913188921314776,buy_hold
2025-03-02,제대혈,leadership,1.25,,-6.913188921314776,buy_hold
2025-03-02,태풍 및 장마,leadership,1.6649999999999998,,6.403431250360299,buy_hold
2025-03-02,남북경협,leadership,3.0,,9.283210342760418,buy_hold
2025-03-02,남북경협,leadership,1.8175000000000001,,9.283210342760418,buy_hold
2025-03-02,남북경협,leadership,1.2116666666666667,,9.283210342760418,buy_hold
2025-03-02,그래핀,leadership,3.0,,-0.707428966599815,buy_hold
2025-03-02,그래핀,leadership,1.6675,,-0.707428966599815,buy_hold
2025-03-02,그래핀,leadership,1.1116666666666668,,-0.707428966599815,buy_hold
2025-03-02,자전거,leadership,2.5,,7.3085513493239835,buy_hold
2025-03-02,자전거,leadership,1.25,,7.3085513493239835,buy_hold
2025-03-02,자전거,leadership,2.5,,7.3085513493239835,buy_hold
2025-03-02,자전거,leadership,1.25,,7.3085513493239835,buy_hold
2025-03-09,반도체 장비,leadership,2.75,,1.5951493984466787,buy_hold
2025-03-09,반도체 장비,leadership,1.375,,1.5951493984466787,buy_hold
2025-03-09,은행,leadership,3.0,,15.067981811811261,buy_hold
2025-03-09,은행,leadership,1.6675,,15.067981811811261,buy_hold
2025-03-09,은행,leadership,1.1116666666666668,,15.067981811811261,buy_hold
2025-03-09,제약업체,leadership,1.0050000000000001,,5.5324149581128514,buy_hold
2025-03-09,증권,leadership,1.175,,33.499682558183025,buy_hold
2025-03-09,풍력에너지,leadership,3.0,,23.027564086457833,buy_hold
2025-03-09,풍력에너지,leadership,2.0524999999999998,,23.027564086457833,buy_hold
2025-03-09,풍력에너지,leadership,1.3683333333333332,,23.027564086457833,buy_hold
2025-03-09,태양광에너지,leadership,3.0,,20.690560696607083,buy_hold
2025-03-09,태양광에너지,leadership,1.6875,,20.690560696607083,buy_hold
2025-03-09,태양광에너지,leadership,1.125,,20.690560696607083,buy_hold
2025-03-09,4차산업 수혜주,leadership,2.0,,6.950063525015856,buy_hold
2025-03-09,4차산업 수혜주,leadership,1.0,,6.950063525015856,buy_hold
2025-03-09,자율주행차,leadership,2.31,,-2.5892092775735995,buy_hold
2025-03-09,자율주행차,leadership,1.155,,-2.5892092775735995,buy_hold
2025-03-09,2차전지,leadership,3.0,,-4.526204736837125,buy_hold
2025-03-09,2차전지,leadership,1.605,,-4.526204736837125,buy_hold
2025-03-09,2차전지,leadership,1.07,,-4.526204736837125,buy_hold
2025-03-09,2차전지,leadership,3.0,,-4.526204736837125,buy_hold
2025-03-09,2차전지,leadership,1.605,,-4.526204736837125,buy_hold
2025-03-09,2차전지,leadership,1.07,,-4.526204736837125,buy_hold
2025-03-09,건설 대표주,leadership,1.6649999999999998,,33.54315985429892,buy_hold
2025-03-09,원자력발전,tier,2.0,2.0,14.470305604987521,buy_hold
2025-03-09,2차전지,leadership,3.0,,-4.526204736837125,buy_hold
2025-03-09,2차전지,leadership,1.605,,-4.526204736837125,buy_hold
2025-03-09,2차전지,leadership,1.07,,-4.526204736837125,buy_hold
2025-03-09,광고,leadership,1.6649999999999998,,2.12866716578754,buy_hold
2025-03-09,카지노,leadership,1.6649999999999998,,17.04274718211862,buy_hold
2025-03-09,윤활유,leadership,3.0,,7.173537170434429,buy_hold
2025-03-09,윤활유,leadership,1.6675,,7.173537170434429,buy_hold
2025-03-09,윤활유,leadership,1.1116666666666668,,7.173537170434429,buy_hold
2025-03-09,자원개발,leadership,2.2199999999999998,,3.1523493082162353,buy_hold
2025-03-09,자원개발,leadership,1.1099999999999999,,3.1523493082162353,buy_hold
2025-03-09,은행,leadership,3.0,,15.067981811811261,buy_hold
2025-03-09,은행,leadership,1.6675,,15.067981811811261,buy_hold
2025-03-09,은행,leadership,1.1116666666666668,,15.067981811811261,buy_hold
2025-03-09,2차전지,leadership,3.0,,-4.526204736837125,buy_hold
2025-03-09,2차전지,leadership,1.605,,-4.526204736837125,buy_hold
2025-03-09,2차전지,leadership,1.07,,-4.526204736837125,buy_hold
2025-03-09,유리 기판,leadership,2.855,,-8.941006350029102,buy_hold
2025-03-09,유리 기판,leadership,1.4275,,-8.941006350029102,buy_hold
2025-03-09,GTX(수도권 광역급행철도),leadership,3.0,,17.62423677488855,buy_hold
2025-03-09,GTX(수도권 광역급행철도),leadership,1.5525,,17.62423677488855,buy_hold
2025-03-09,GTX(수도권 광역급행철도),leadership,1.035,,17.62423677488855,buy_hold
2025-03-09,사물인터넷,leadership,2.1350000000000002,,5.991675838474069,buy_hold
2025-03-09,사물인터넷,leadership,1.0675000000000001,,5.991675838474069,buy_hold
2025-03-09,전력설비,leadership,3.0,,19.617105239342212,buy_hold
2025-03-09,전력설비,leadership,1.5,,19.617105239342212,buy_hold
2025-03-09,전력설비,leadership,1.0,,19.617105239342212,buy_hold
2025-03-09,전기차,leadership,2.0100000000000002,,-1.130900755297112,buy_hold
2025-03-09,전기차,leadership,1.0050000000000001,,-1.130900755297112,buy_hold
2025-03-09,증권,leadership,1.175,,33.499682558183025,buy_hold
2025-03-09,비료,leadership,3.0,,10.89281163510202,buy_hold
2025-03-09,비료,leadership,1.6675,,10.89281163510202,buy_hold
2025-03-09,비료,leadership,1.1116666666666668,,10.89281163510202,buy_hold
2025-03-09,모바일콘텐츠(스마트폰/태블릿PC),tier,1.0341872266571501,1.0,4.55418523476472,buy_hold
2025-03-09,갤럭시 부품주,leadership,1.6649999999999998,,-0.13116417982833176,buy_hold
2025-03-09,폴더블폰,leadership,2.02,,-1.4524411204977499,buy_hold
2025-03-09,폴더블폰,leadership,1.01,,-1.4524411204977499,buy_hold
2025-03-09,석유화학,leadership,3.0,,11.326262210506117,buy_hold
2025-03-09,석유화학,leadership,1.6675,,11.326262210506117,buy_hold
2025-03-09,석유화학,leadership,1.1116666666666668,,11.326262210506117,buy_hold
2025-03-09,블록체인,leadership,1.6649999999999998,,10.323686138223556,buy_hold
2025-03-09,2차전지,leadership,3.0,,-4.526204736837125,buy_hold
2025-03-09,2차전지,leadership,1.605,,-4.526204736837125,buy_hold
2025-03-09,2차전지,leadership,1.07,,-4.526204736837125,buy_hold
2025-03-09,2차전지,leadership,3.0,,-4.526204736837125,buy_hold
2025-03-09,2차전지,leadership,1.605,,-4.526204736837125,buy_hold
2025-03-09,2차전지,leadership,1.07,,-4.526204736837125,buy_hold
2025-03-09,2차전지,leadership,3.0,,-4.526204736837125,buy_hold
2025-03-09,2차전지,leadership,1.605,,-4.526204736837125,buy_hold
2025-03-09,2차전지,leadership,1.07,,-4.526204736837125,buy_hold
2025-03-09,전기차,leadership,2.0100000000000002,,-1.130900755297112,buy_hold
2025-03-09,전기차,leadership,1.0050000000000001,,-1.130900755297112,buy_hold
2025-03-09,OLED(유기 발광 다이오드),leadership,1.5699999999999998,,-0.6300772053528055,buy_hold
2025-03-09,전기차,leadership,2.0100000000000002,,-1.130900755297112,buy_hold
2025-03-09,전기차,leadership,1.0050000000000001,,-1.130900755297112,buy_hold
2025-03-09,네옴시티,leadership,3.0,,12.112552149958397,buy_hold
2025-03-09,네옴시티,leadership,2.2375,,12.112552149958397,buy_hold
2025-03-09,네옴시티,leadership,1.4916666666666667,,12.112552149958397,buy_hold
2025-03-09,제대혈,leadership,2.5,,-7.131337576024887,buy_hold
2025-03-09,제대혈,leadership,1.25,,-7.131337576024887,buy_hold
2025-03-09,태풍 및 장마,leadership,1.6649999999999998,,10.865822475184409,buy_hold
2025-03-09,남북경협,leadership,3.0,,11.158651126130732,buy_hold
2025-03-09,남북경협,leadership,1.8175000000000001,,11.158651126130732,buy_hold
2025-03-09,남북경협,leadership,1.2116666666666667,,11.158651126130732,buy_hold
2025-03-09,그래핀,leadership,3.0,,2.3833685098902526,buy_hold
2025-03-09,그래핀,leadership,1.6675,,2.3833685098902526,buy_hold
2025-03-09,그래핀,leadership,1.1116666666666668,,2.3833685098902526,buy_hold
2025-03-09,자전거,leadership,2.5,,14.331651654875433,buy_hold
2025-03-09,자전거,leadership,1.25,,14.331651654875433,buy_hold
2025-03-09,자전거,leadership,2.5,,14.331651654875433,buy_hold
2025-03-09,자전거,leadership,1.25,,14.331651654875433,buy_hold
2025-03-16,반도체 장비,leadership,2.75,,2.7851212199455824,buy_hold
2025-03-16,반도체 장비,leadership,1.375,,2.7851212199455824,buy_hold
2025-03-16,은행,leadership,3.0,,18.068357981531758,buy_hold
2025-03-16,은행,leadership,1.6675,,18.068357981531758,buy_hold
2025-03-16,은행,leadership,1.1116666666666668,,18.068357981531758,buy_hold
2025-03-16,제약업체,leadership,1.0050000000000001,,7.599570465849231,buy_hold
2025-03-16,증권,leadership,1.175,,39.61940259450133,buy_hold
2025-03-16,시스템반도체,tier,1.1638281127714576,2.0,1.2707650604649061,buy_hold
2025-03-16,시스템반도체,cohesion,2.053804391517971,,1.2707650604649061,buy_hold
2025-03-16,풍력에너지,leadership,3.0,,27.53275509958162,buy_hold
2025-03-16,풍력에너지,leadership,2.0524999999999998,,27.53275509958162,buy_hold
2025-03-16,풍력에너지,leadership,1.3683333333333332,,27.53275509958162,buy_hold
2025-03-16,태양광에너지,leadership,3.0,,27.48873764754007,buy_hold
2025-03-16,태양광에너지,leadership,1.6875,,27.48873764754007,buy_hold
2025-03-16,태양광에너지,leadership,1.125,,27.48873764754007,buy_hold
2025-03-16,4차산업 수혜주,leadership,2.0,,13.071681930723946,buy_hold
2025-03-16,4차산업 수혜주,leadership,1.0,,13.071681930723946,buy_hold
2025-03-16,자율주행차,leadership,2.31,,0.3266779938809353,buy_hold
2025-03-16,자율주행차,leadership,1.155,,0.3266779938809353,buy_hold
2025-03-16,2차전지,leadership,3.0,,-2.571843831859808,buy_hold
2025-03-16,2차전지,leadership,1.605,,-2.571843831859808,buy_hold
2025-03-16,2차전지,leadership,1.07,,-2.571843831859808,buy_hold
2025-03-16,2차전지,leadership,3.0,,-2.571843831859808,buy_hold
2025-03-16,2차전지,leadership,1.605,,-2.571843831859808,buy_hold
2025-03-16,2차전지,leadership,1.07,,-2.571843831859808,buy_hold
2025-03-16,건설 대표주,leadership,1.6649999999999998,,41.36127267050884,buy_hold
2025-03-16,원자력발전,cohesion,2.233144808189429,,21.301417950800502,buy_hold
2025-03-16,2차전지,leadership,3.0,,-2.571843831859808,buy_hold
2025-03-16,2차전지,leadership,1.605,,-2.571843831859808,buy_hold
2025-03-16,2차전지,leadership,1.07,,-2.571843831859808,buy_hold
2025-03-16,광고,leadership,1.6649999999999998,,7.877529093593671,buy_hold
2025-03-16,카지노,leadership,1.6649999999999998,,21.785165153582074,buy_hold
2025-03-16,윤활유,leadership,3.0,,7.3952194229571955,buy_hold
2025-03-16,윤활유,leadership,1.6675,,7.3952194229571955,buy_hold
2025-03-16,윤활유,leadership,1.1116666666666668,,7.3952194229571955,buy_hold
2025-03-16,자원개발,leadership,2.2199999999999998,,8.551777726051574,buy_hold
2025-03-16,자원개발,leadership,1.1099999999999999,,8.551777726051574,buy_hold
2025-03-16,은행,tier,1.1954610145088413,2.0,18.068357981531758,buy_hold
2025-03-16,은행,leadership,3.0,,18.068357981531758,buy_hold
2025-03-16,은행,leadership,1.6675,,18.068357981531758,buy_hold
2025-03-16,은행,leadership,1.1116666666666668,,18.068357981531758,buy_hold
2025-03-16,2차전지,leadership,3.0,,-2.571843831859808,buy_hold
2025-03-16,2차전지,leadership,1.605,,-2.571843831859808,buy_hold
2025-03-16,2차전지,leadership,1.07,,-2.571843831859808,buy_hold
2025-03-16,유리 기판,leadership,2.855,,-8.61870229118638,buy_hold
2025-03-16,유리 기판,leadership,1.4275,,-8.61870229118638,buy_hold
2025-03-16,GTX(수도권 광역급행철도),leadership,3.0,,23.016008128529098,buy_hold
2025-03-16,GTX(수도권 광역급행철도),leadership,1.5525,,23.016008128529098,buy_hold
2025-03-16,GTX(수도권 광역급행철도),leadership,1.035,,23.016008128529098,buy_hold
2025-03-16,사물인터넷,leadership,2.1350000000000002,,8.027491424185964,buy_hold
2025-03-16,사물인터넷,leadership,1.0675000000000001,,8.027491424185964,buy_hold
2025-03-16,전력설비,leadership,3.0,,23.977233093196443,buy_hold
2025-03-16,전력설비,leadership,1.5,,23.977233093196443,buy_hold
2025-03-16,전력설비,leadership,1.0,,23.977233093196443,buy_hold
2025-03-16,전기차,leadership,2.0100000000000002,,1.0184378533567895,buy_hold
2025-03-16,전기차,leadership,1.0050000000000001,,1.0184378533567895,buy_hold
2025-03-16,증권,leadership,1.175,,39.61940259450133,buy_hold
2025-03-16,철강 주요종목,cohesion,1.1818638058994042,,-4.6677402117145625,buy_hold
2025-03-16,비료,leadership,3.0,,16.691421853177356,buy_hold
2025-03-16,비료,leadership,1.6675,,16.691421853177356,buy_hold
2025-03-16,비료,leadership,1.1116666666666668,,16.691421853177356,buy_hold
2025-03-16,갤럭시 부품주,leadership,1.6649999999999998,,1.0205048581422342,buy_hold
2025-03-16,폴더블폰,leadership,2.02,,1.7506621839007313,buy_hold
2025-03-16,폴더블폰,leadership,1.01,,1.7506621839007313,buy_hold
2025-03-16,석유화학,leadership,3.0,,16.27429008951157,buy_hold
2025-03-16,석유화학,leadership,1.6675,,16.27429008951157,buy_hold
2025-03-16,석유화학,leadership,1.1116666666666668,,16.27429008951157,buy_hold
2025-03-16,블록체인,leadership,1.6649999999999998,,11.716189540007749,buy_hold
2025-03-16,2차전지,leadership,3.0,,-2.571843831859808,buy_hold
2025-03-16,2차전지,leadership,1.605,,-2.571843831859808,buy_hold
2025-03-16,2차전지,leadership,1.07,,-2.571843831859808,buy_hold
2025-03-16,2차전지,leadership,3.0,,-2.571843831859808,buy_hold
2025-03-16,2차전지,leadership,1.605,,-2.571843831859808,buy_hold
2025-03-16,2차전지,leadership,1.07,,-2.571843831859808,buy_hold
2025-03-16,2차전지,leadership,3.0,,-2.571843831859808,buy_hold
2025-03-16,2차전지,leadership,1.605,,-2.571843831859808,buy_hold
2025-03-16,2차전지,leadership,1.07,,-2.571843831859808,buy_hold
2025-03-16,전기차,leadership,2.0100000000000002,,1.0184378533567895,buy_hold
2025-03-16,전기차,leadership,1.0050000000000001,,1.0184378533567895,buy_hold
2025-03-16,OLED(유기 발광 다이오드),leadership,1.5699999999999998,,0.769552208080731,buy_hold
2025-03-16,전기차,leadership,2.0100000000000002,,1.0184378533567895,buy_hold
2025-03-16,전기차,leadership,1.0050000000000001,,1.0184378533567895,buy_hold
2025-03-16,네옴시티,leadership,3.0,,16.250198254042473,buy_hold
2025-03-16,네옴시티,leadership,2.2375,,16.250198254042473,buy_hold
2025-03-16,네옴시티,leadership,1.4916666666666667,,16.250198254042473,buy_hold
2025-03-16,제대혈,leadership,2.5,,-0.3925605621326161,buy_hold
2025-03-16,제대혈,leadership,1.25,,-0.3925605621326161,buy_hold
2025-03-16,태풍 및 장마,leadership,1.6649999999999998,,20.292964910315675,buy_hold
2025-03-16,남북경협,leadership,3.0,,18.365410328365407,buy_hold
2025-03-16,남북경협,leadership,1.8175000000000001,,18.365410328365407,buy_hold
2025-03-16,남북경협,leadership,1.2116666666666667,,18.365410328365407,buy_hold
2025-03-16,그래핀,leadership,3.0,,1.8967334540272571,buy_hold
2025-03-16,그래핀,leadership,1.6675,,1.8967334540272571,buy_hold
2025-03-16,그래핀,leadership,1.1116666666666668,,1.8967334540272571,buy_hold
2025-03-16,자전거,leadership,2.5,,15.871633354573705,buy_hold
2025-03-16,자전거,leadership,1.25,,15.871633354573705,buy_hold
2025-03-16,자전거,leadership,2.5,,15.871633354573705,buy_hold
2025-03-16,자전거,leadership,1.25,,15.871633354573705,buy_hold
2025-03-23,반도체 장비,leadership,2.75,,2.6770089402894652,buy_hold
2025-03-23,반도체 장비,leadership,1.375,,2.6770089402894652,buy_hold
2025-03-23,은행,leadership,3.0,,22.87882931836328,buy_hold
2025-03-23,은행,leadership,1.6675,,22.87882931836328,buy_hold
2025-03-23,은행,leadership,1.1116666666666668,,22.87882931836328,buy_hold
2025-03-23,제약업체,leadership,1.0050000000000001,,10.958467112745081,buy_hold
2025-03-23,증권,leadership,1.175,,44.91333045046766,buy_hold
2025-03-23,풍력에너지,leadership,3.0,,36.47749117886461,buy_hold
2025-03-23,풍력에너지,leadership,2.0524999999999998,,36.47749117886461,buy_hold
2025-03-23,풍력에너지,leadership,1.3683333333333332,,36.47749117886461,buy_hold
2025-03-23,태양광에너지,leadership,3.0,,31.853563199903764,buy_hold
2025-03-23,태양광에너지,leadership,1.6875,,31.853563199903764,buy_hold
2025-03-23,태양광에너지,leadership,1.125,,31.853563199903764,buy_hold
2025-03-23,4차산업 수혜주,leadership,2.0,,18.12737084100113,buy_hold
2025-03-23,4차산업 수혜주,leadership,1.0,,18.12737084100113,buy_hold
2025-03-23,자율주행차,leadership,2.31,,3.892415413927456,buy_hold
2025-03-23,자율주행차,leadership,1.155,,3.892415413927456,buy_hold
2025-03-23,2차전지,leadership,3.0,,-0.991028784323692,buy_hold
2025-03-23,2차전지,leadership,1.605,,-0.991028784323692,buy_hold
2025-03-23,2차전지,leadership,1.07,,-0.991028784323692,buy_hold
2025-03-23,2차전지,leadership,3.0,,-0.991028784323692,buy_hold
2025-03-23,2차전지,leadership,1.605,,-0.991028784323692,buy_hold
2025-03-23,2차전지,leadership,1.07,,-0.991028784323692,buy_hold
2025-03-23,건설 대표주,leadership,1.6649999999999998,,45.767933676937865,buy_hold
2025-03-23,2차전지,leadership,3.0,,-0.991028784323692,buy_hold
2025-03-23,2차전지,leadership,1.605,,-0.991028784323692,buy_hold
2025-03-23,2차전지,leadership,1.07,,-0.991028784323692,buy_hold
2025-03-23,광고,leadership,1.6649999999999998,,11.267621756451526,buy_hold
2025-03-23,카지노,leadership,1.6649999999999998,,23.412713871545193,buy_hold
2025-03-23,윤활유,leadership,3.0,,14.709726544395021,buy_hold
2025-03-23,윤활유,leadership,1.6675,,14.709726544395021,buy_hold
2025-03-23,윤활유,leadership,1.1116666666666668,,14.709726544395021,buy_hold
2025-03-23,자원개발,leadership,2.2199999999999998,,12.25278528716532,buy_hold
2025-03-23,자원개발,leadership,1.1099999999999999,,12.25278528716532,buy_hold
2025-03-23,은행,leadership,3.0,,22.87882931836328,buy_hold
2025-03-23,은행,leadership,1.6675,,22.87882931836328,buy_hold
2025-03-23,은행,leadership,1.1116666666666668,,22.87882931836328,buy_hold
2025-03-23,2차전지,leadership,3.0,,-0.991028784323692,buy_hold
2025-03-23,2차전지,leadership,1.605,,-0.991028784323692,buy_hold
2025-03-23,2차전지,leadership,1.07,,-0.991028784323692,buy_hold
2025-03-23,유리 기판,leadership,2.855,,-1.9821572517641168,buy_hold
2025-03-23,유리 기판,leadership,1.4275,,-1.9821572517641168,buy_hold
2025-03-23,GTX(수도권 광역급행철도),leadership,3.0,,30.113054238062,buy_hold
2025-03-23,GTX(수도권 광역급행철도),leadership,1.5525,,30.113054238062,buy_hold
2025-03-23,GTX(수도권 광역급행철도),leadership,1.035,,30.113054238062,buy_hold
2025-03-23,사물인터넷,leadership,2.1350000000000002,,15.184722916319682,buy_hold
2025-03-23,사물인터넷,leadership,1.0675000000000001,,15.184722916319682,buy_hold
2025-03-23,전력설비,leadership,3.0,,32.84745654790858,buy_hold
2025-03-23,전력설비,leadership,1.5,,32.84745654790858,buy_hold
2025-03-23,전력설비,leadership,1.0,,32.84745654790858,buy_hold
2025-03-23,건설기계,cohesion,1.016390894461652,,14.848534990108394,buy_hold
2025-03-23,전기차,leadership,2.0100000000000002,,3.7804995670078245,buy_hold
2025-03-23,전기차,leadership,1.0050000000000001,,3.7804995670078245,buy_hold
2025-03-23,증권,leadership,1.175,,44.91333045046766,buy_hold
2025-03-23,비료,leadership,3.0,,23.801368997421786,buy_hold
2025-03-23,비료,leadership,1.6675,,23.801368997421786,buy_hold
2025-03-23,비료,leadership,1.1116666666666668,,23.801368997421786,buy_hold
2025-03-23,갤럭시 부품주,tier,1.047636271294513,2.0,5.143925426295133,buy_hold
2025-03-23,갤럭시 부품주,leadership,1.6649999999999998,,5.143925426295133,buy_hold
2025-03-23,폴더블폰,leadership,2.02,,3.6668610295045174,buy_hold
2025-03-23,폴더블폰,leadership,1.01,,3.6668610295045174,buy_hold
2025-03-23,석유화학,leadership,3.0,,20.267917397571324,buy_hold
2025-03-23,석유화학,leadership,1.6675,,20.267917397571324,buy_hold
2025-03-23,석유화학,leadership,1.1116666666666668,,20.267917397571324,buy_hold
2025-03-23,블록체인,leadership,1.6649999999999998,,29.566651753145834,buy_hold
2025-03-23,2차전지,leadership,3.0,,-0.991028784323692,buy_hold
2025-03-23,2차전지,leadership,1.605,,-0.991028784323692,buy_hold
2025-03-23,2차전지,leadership,1.07,,-0.991028784323692,buy_hold
2025-03-23,2차전지,leadership,3.0,,-0.991028784323692,buy_hold
2025-03-23,2차전지,leadership,1.605,,-0.991028784323692,buy_hold
2025-03-23,2차전지,leadership,1.07,,-0.991028784323692,buy_hold
2025-03-23,2차전지,leadership,3.0,,-0.991028784323692,buy_hold
2025-03-23,2차전지,leadership,1.605,,-0.991028784323692,buy_hold
2025-03-23,2차전지,leadership,1.07,,-0.991028784323692,buy_hold
2025-03-23,전기차,leadership,2.0100000000000002,,3.7804995670078245,buy_hold
2025-03-23,전기차,leadership,1.0050000000000001,,3.7804995670078245,buy_hold
2025-03-23,OLED(유기 발광 다이오드),leadership,1.5699999999999998,,2.1073956263190023,buy_hold
2025-03-23,전기차,leadership,2.0100000000000002,,3.7804995670078245,buy_hold
2025-03-23,전기차,leadership,1.0050000000000001,,3.7804995670078245,buy_hold
2025-03-23,네옴시티,leadership,3.0,,22.057660521300335,buy_hold
2025-03-23,네옴시티,leadership,2.2375,,22.057660521300335,buy_hold
2025-03-23,네옴시티,leadership,1.4916666666666667,,22.057660521300335,buy_hold
2025-03-23,제대혈,leadership,2.5,,-2.926789825326607,buy_hold
2025-03-23,제대혈,leadership,1.25,,-2.926789825326607,buy_hold
2025-03-23,태풍 및 장마,leadership,1.6649999999999998,,37.79068831097701,buy_hold
2025-03-23,남북경협,leadership,3.0,,36.38751315577081,buy_hold
2025-03-23,남북경협,leadership,1.8175000000000001,,36.38751315577081,buy_hold
2025-03-23,남북경협,leadership,1.2116666666666667,,36.38751315577081,buy_hold
2025-03-23,그래핀,leadership,3.0,,3.295534775261009,buy_hold
2025-03-23,그래핀,leadership,1.6675,,3.295534775261009,buy_hold
2025-03-23,그래핀,leadership,1.1116666666666668,,3.295534775261009,buy_hold
2025-03-23,자전거,leadership,2.5,,20.249884381112594,buy_hold
2025-03-23,자전거,leadership,1.25,,20.249884381112594,buy_hold
2025-03-23,자전거,leadership,2.5,,20.249884381112594,buy_hold
2025-03-23,자전거,leadership,1.25,,20.249884381112594,buy_hold
2025-03-30,반도체 장비,leadership,2.75,,5.035605679620235,buy_hold
2025-03-30,반도체 장비,leadership,1.375,,5.035605679620235,buy_hold
2025-03-30,은행,leadership,3.0,,29.013175572778174,buy_hold
2025-03-30,은행,leadership,1.6675,,29.013175572778174,buy_hold
2025-03-30,은행,leadership,1.1116666666666668,,29.013175572778174,buy_hold
2025-03-30,제약업체,leadership,1.0050000000000001,,9.825585473207166,buy_hold
2025-03-30,증권,leadership,1.175,,47.9049458459684,buy_hold
2025-03-30,풍력에너지,leadership,3.0,,44.875397790586966,buy_hold
2025-03-30,풍력에너지,leadership,2.0524999999999998,,44.875397790586966,buy_hold
2025-03-30,풍력에너지,leadership,1.3683333333333332,,44.875397790586966,buy_hold
2025-03-30,태양광에너지,leadership,3.0,,31.544758941545837,buy_hold
2025-03-30,태양광에너지,leadership,1.6875,,31.544758941545837,buy_hold
2025-03-30,태양광에너지,leadership,1.125,,31.544758941545837,buy_hold
2025-03-30,4차산업 수혜주,leadership,2.0,,27.241477012194558,buy_hold
2025-03-30,4차산업 수혜주,leadership,1.0,,27.241477012194558,buy_hold
2025-03-30,자율주행차,leadership,2.31,,5.9998568257495455,buy_hold
2025-03-30,자율주행차,leadership,1.155,,5.9998568257495455,buy_hold
2025-03-30,2차전지,leadership,3.0,,-0.05785578517287912,buy_hold
2025-03-30,2차전지,leadership,1.605,,-0.05785578517287912,buy_hold
2025-03-30,2차전지,leadership,1.07,,-0.05785578517287912,buy_hold
2025-03-30,2차전지,leadership,3.0,,-0.05785578517287912,buy_hold
2025-03-30,2차전지,leadership,1.605,,-0.05785578517287912,buy_hold
2025-03-30,2차전지,leadership,1.07,,-0.05785578517287912,buy_hold
2025-03-30,건설 대표주,leadership,1.6649999999999998,,39.882743096403985,buy_hold
2025-03-30,원자력발전,tier,1.5236956026366446,1.0,40.79250085974012,buy_hold
2025-03-30,원자력발전,cohesion,1.204356746077803,,40.79250085974012,buy_hold
2025-03-30,2차전지,leadership,3.0,,-0.05785578517287912,buy_hold
2025-03-30,2차전지,leadership,1.605,,-0.05785578517287912,buy_hold
2025-03-30,2차전지,leadership,1.07,,-0.05785578517287912,buy_hold
2025-03-30,광고,leadership,1.6649999999999998,,14.45520781758406,buy_hold
2025-03-30,카지노,leadership,1.6649999999999998,,28.399556718791413,buy_hold
2025-03-30,윤활유,leadership,3.0,,18.944841800081,buy_hold
2025-03-30,윤활유,leadership,1.6675,,18.944841800081,buy_hold
2025-03-30,윤활유,leadership,1.1116666666666668,,18.944841800081,buy_hold
2025-03-30,자원개발,leadership,2.2199999999999998,,11.953608514048327,buy_hold
2025-03-30,자원개발,leadership,1.1099999999999999,,11.953608514048327,buy_hold
2025-03-30,은행,leadership,3.0,,29.013175572778174,buy_hold
2025-03-30,은행,leadership,1.6675,,29.013175572778174,buy_hold
2025-03-30,은행,leadership,1.1116666666666668,,29.013175572778174,buy_hold
2025-03-30,2차전지,leadership,3.0,,-0.05785578517287912,buy_hold
2025-03-30,2차전지,leadership,1.605,,-0.05785578517287912,buy_hold
2025-03-30,2차전지,leadership,1.07,,-0.05785578517287912,buy_hold
2025-03-30,유리 기판,leadership,2.855,,1.4656736942422566,buy_hold
2025-03-30,유리 기판,leadership,1.4275,,1.4656736942422566,buy_hold
2025-03-30,GTX(수도권 광역급행철도),leadership,3.0,,31.277204810495228,buy_hold
2025-03-30,GTX(수도권 광역급행철도),leadership,1.5525,,31.277204810495228,buy_hold
2025-03-30,GTX(수도권 광역급행철도),leadership,1.035,,31.277204810495228,buy_hold
2025-03-30,사물인터넷,leadership,2.1350000000000002,,16.922350469467514,buy_hold
2025-03-30,사물인터넷,leadership,1.0675000000000001,,16.922350469467514,buy_hold
2025-03-30,전력설비,leadership,3.0,,44.82040093382778,buy_hold
2025-03-30,전력설비,leadership,1.5,,44.82040093382778,buy_hold
2025-03-30,전력설비,leadership,1.0,,44.82040093382778,buy_hold
2025-03-30,전기차,leadership,2.0100000000000002,,4.791732025072413,buy_hold
2025-03-30,전기차,leadership,1.0050000000000001,,4.791732025072413,buy_hold
2025-03-30,증권,leadership,1.175,,47.9049458459684,buy_hold
2025-03-30,비료,leadership,3.0,,20.85441228292449,buy_hold
2025-03-30,비료,leadership,1.6675,,20.85441228292449,buy_hold
2025-03-30,비료,leadership,1.1116666666666668,,20.85441228292449,buy_hold
2025-03-30,갤럭시 부품주,leadership,1.6649999999999998,,6.128327823013121,buy_hold
2025-03-30,폴더블폰,leadership,2.02,,4.30931314213391,buy_hold
2025-03-30,폴더블폰,leadership,1.01,,4.30931314213391,buy_hold
2025-03-30,석유화학,leadership,3.0,,22.35764114894572,buy_hold
2025-03-30,석유화학,leadership,1.6675,,22.35764114894572,buy_hold
2025-03-30,석유화학,leadership,1.1116666666666668,,22.35764114894572,buy_hold
2025-03-30,블록체인,leadership,1.6649999999999998,,41.10727807387903,buy_hold
2025-03-30,2차전지,leadership,3.0,,-0.05785578517287912,buy_hold
2025-03-30,2차전지,leadership,1.605,,-0.05785578517287912,buy_hold
2025-03-30,2차전지,leadership,1.07,,-0.05785578517287912,buy_hold
2025-03-30,2차전지,leadership,3.0,,-0.05785578517287912,buy_hold
2025-03-30,2차전지,leadership,1.605,,-0.05785578517287912,buy_hold
2025-03-30,2차전지,leadership,1.07,,-0.05785578517287912,buy_hold
2025-03-30,2차전지,leadership,3.0,,-0.05785578517287912,buy_hold
2025-03-30,2차전지,leadership,1.605,,-0.05785578517287912,buy_hold
2025-03-30,2차전지,leadership,1.07,,-0.05785578517287912,buy_hold
2025-03-30,전기차,leadership,2.0100000000000002,,4.791732025072413,buy_hold
2025-03-30,전기차,leadership,1.0050000000000001,,4.791732025072413,buy_hold
2025-03-30,OLED(유기 발광 다이오드),leadership,1.5699999999999998,,2.5302904948583476,buy_hold
2025-03-30,전기차,leadership,2.0100000000000002,,4.791732025072413,buy_hold
2025-03-30,전기차,leadership,1.0050000000000001,,4.791732025072413,buy_hold
2025-03-30,네옴시티,leadership,3.0,,24.308778807124582,buy_hold
2025-03-30,네옴시티,leadership,2.2375,,24.308778807124582,buy_hold
2025-03-30,네옴시티,leadership,1.4916666666666667,,24.308778807124582,buy_hold
2025-03-30,제대혈,leadership,2.5,,-3.803208564737455,buy_hold
2025-03-30,제대혈,leadership,1.25,,-3.803208564737455,buy_hold
2025-03-30,태풍 및 장마,leadership,1.6649999999999998,,35.6012180375872,buy_hold
2025-03-30,남북경협,leadership,3.0,,37.027120532829265,buy_hold
2025-03-30,남북경협,leadership,1.8175000000000001,,37.027120532829265,buy_hold
2025-03-30,남북경협,leadership,1.2116666666666667,,37.027120532829265,buy_hold
2025-03-30,그래핀,leadership,3.0,,1.787014176565592,buy_hold
2025-03-30,그래핀,leadership,1.6675,,1.787014176565592,buy_hold
2025-03-30,그래핀,leadership,1.1116666666666668,,1.787014176565592,buy_hold
2025-03-30,자전거,leadership,2.5,,22.11757253006619,buy_hold
2025-03-30,자전거,leadership,1.25,,22.11757253006619,buy_hold
2025-03-30,자전거,leadership,2.5,,22.11757253006619,buy_hold
2025-03-30,자전거,leadership,1.25,,22.11757253006619,buy_hold
2025-04-06,지주사,tier,1.5327966035777187,1.0,32.79598151240399,buy_hold
2025-04-06,반도체 장비,leadership,2.75,,15.009552043173374,buy_hold
2025-04-06,반도체 장비,leadership,1.375,,15.009552043173374,buy_hold
2025-04-06,통신장비,cohesion,1.6512505392534402,,28.633775785376447,buy_hold
2025-04-06,은행,leadership,3.0,,40.01856212656662,buy_hold
2025-04-06,은행,leadership,1.6675,,40.01856212656662,buy_hold
2025-04-06,은행,leadership,1.1116666666666668,,40.01856212656662,buy_hold
2025-04-06,제약업체,leadership,1.0050000000000001,,16.018722101081117,buy_hold
2025-04-06,증권,leadership,1.175,,60.71622048774529,buy_hold
2025-04-06,시스템반도체,cohesion,1.0849208198496942,,22.136400324846466,buy_hold
2025-04-06,풍력에너지,leadership,3.0,,56.217520479804456,buy_hold
2025-04-06,풍력에너지,leadership,2.0524999999999998,,56.217520479804456,buy_hold
2025-04-06,풍력에너지,leadership,1.3683333333333332,,56.217520479804456,buy_hold
2025-04-06,태양광에너지,leadership,3.0,,41.63995955072933,buy_hold
2025-04-06,태양광에너지,leadership,1.6875,,41.63995955072933,buy_hold
2025-04-06,태양광에너지,leadership,1.125,,41.63995955072933,buy_hold
2025-04-06,4차산업 수혜주,leadership,2.0,,34.71727146550385,buy_hold
2025-04-06,4차산업 수혜주,leadership,1.0,,34.71727146550385,buy_hold
2025-04-06,자율주행차,leadership,2.31,,16.370598394146842,buy_hold
2025-04-06,자율주행차,leadership,1.155,,16.370598394146842,buy_hold
2025-04-06,2차전지,leadership,3.0,,12.670915806184176,buy_hold
2025-04-06,2차전지,leadership,1.605,,12.670915806184176,buy_hold
2025-04-06,2차전지,leadership,1.07,,12.670915806184176,buy_hold
2025-04-06,2차전지,leadership,3.0,,12.670915806184176,buy_hold
2025-04-06,2차전지,leadership,1.605,,12.670915806184176,buy_hold
2025-04-06,2차전지,leadership,1.07,,12.670915806184176,buy_hold
2025-04-06,건설 대표주,leadership,1.6649999999999998,,44.903015862824155,buy_hold
2025-04-06,철강 중소형,tier,1.1318821431053543,2.0,12.569216643103179,buy_hold
2025-04-06,2차전지,leadership,3.0,,12.670915806184176,buy_hold
2025-04-06,2차전지,leadership,1.605,,12.670915806184176,buy_hold
2025-04-06,2차전지,leadership,1.07,,12.670915806184176,buy_hold
2025-04-06,광고,leadership,1.6649999999999998,,18.61788151865436,buy_hold
2025-04-06,카지노,leadership,1.6649999999999998,,30.947440833697367,buy_hold
2025-04-06,윤활유,leadership,3.0,,19.418029679611102,buy_hold
2025-04-06,윤활유,leadership,1.6675,,19.418029679611102,buy_hold
2025-04-06,윤활유,leadership,1.1116666666666668,,19.418029679611102,buy_hold
2025-04-06,자원개발,leadership,2.2199999999999998,,18.17678070655266,buy_hold
2025-04-06,자원개발,leadership,1.1099999999999999,,18.17678070655266,buy_hold
2025-04-06,은행,leadership,3.0,,40.01856212656662,buy_hold
2025-04-06,은행,leadership,1.6675,,40.01856212656662,buy_hold
2025-04-06,은행,leadership,1.1116666666666668,,40.01856212656662,buy_hold
2025-04-06,2차전지,leadership,3.0,,12.670915806184176,buy_hold
2025-04-06,2차전지,leadership,1.605,,12.670915806184176,buy_hold
2025-04-06,2차전지,leadership,1.07,,12.670915806184176,buy_hold
2025-04-06,유리 기판,leadership,2.855,,14.893146498653685,buy_hold
2025-04-06,유리 기판,leadership,1.4275,,14.893146498653685,buy_hold
2025-04-06,GTX(수도권 광역급행철도),leadership,3.0,,34.34883231940962,buy_hold
2025-04-06,GTX(수도권 광역급행철도),leadership,1.5525,,34.34883231940962,buy_hold
2025-04-06,GTX(수도권 광역급행철도),leadership,1.035,,34.34883231940962,buy_hold
2025-04-06,사물인터넷,leadership,2.1350000000000002,,23.897306955765778,buy_hold
2025-04-06,사물인터넷,leadership,1.0675000000000001,,23.897306955765778,buy_hold
2025-04-06,전력설비,leadership,3.0,,53.483428110296025,buy_hold
2025-04-06,전력설비,leadership,1.5,,53.483428110296025,buy_hold
2025-04-06,전력설비,leadership,1.0,,53.483428110296025,buy_hold
2025-04-06,전기차,leadership,2.0100000000000002,,14.927920450990161,buy_hold
2025-04-06,전기차,leadership,1.0050000000000001,,14.927920450990161,buy_hold
2025-04-06,증권,leadership,1.175,,60.71622048774529,buy_hold
2025-04-06,철강 주요종목,cohesion,1.5368781207459665,,13.330286758702647,buy_hold
2025-04-06,비료,leadership,3.0,,28.27022922123373,buy_hold
2025-04-06,비료,leadership,1.6675,,28.27022922123373,buy_hold
2025-04-06,비료,leadership,1.1116666666666668,,28.27022922123373,buy_hold
2025-04-06,갤럭시 부품주,leadership,1.6649999999999998,,14.68496447630616,buy_hold
2025-04-06,폴더블폰,leadership,2.02,,18.886249629101485,buy_hold
2025-04-06,폴더블폰,leadership,1.01,,18.886249629101485,buy_hold
2025-04-06,석유화학,leadership,3.0,,38.089090147772154,buy_hold
2025-04-06,석유화학,leadership,1.6675,,38.089090147772154,buy_hold
2025-04-06,석유화학,leadership,1.1116666666666668,,38.089090147772154,buy_hold
2025-04-06,블록체인,leadership,1.6649999999999998,,40.36845217624455,buy_hold
2025-04-06,2차전지,leadership,3.0,,12.670915806184176,buy_hold
2025-04-06,2차전지,leadership,1.605,,12.670915806184176,buy_hold
2025-04-06,2차전지,leadership,1.07,,12.670915806184176,buy_hold
2025-04-06,2차전지,leadership,3.0,,12.670915806184176,buy_hold
2025-04-06,2차전지,leadership,1.605,,12.670915806184176,buy_hold
2025-04-06,2차전지,leadership,1.07,,12.670915806184176,buy_hold
2025-04-06,2차전지,leadership,3.0,,12.670915806184176,buy_hold
2025-04-06,2차전지,leadership,1.605,,12.670915806184176,buy_hold
2025-04-06,2차전지,leadership,1.07,,12.670915806184176,buy_hold
2025-04-06,전기차,leadership,2.0100000000000002,,14.927920450990161,buy_hold
2025-04-06,전기차,leadership,1.0050000000000001,,14.927920450990161,buy_hold
2025-04-06,OLED(유기 발광 다이오드),leadership,1.5699999999999998,,11.189002203656942,buy_hold
2025-04-06,전기차,leadership,2.0100000000000002,,14.927920450990161,buy_hold
2025-04-06,전기차,leadership,1.0050000000000001,,14.927920450990161,buy_hold
2025-04-06,네옴시티,leadership,3.0,,30.390712276471533,buy_hold
2025-04-06,네옴시티,leadership,2.2375,,30.390712276471533,buy_hold
2025-04-06,네옴시티,leadership,1.4916666666666667,,30.390712276471533,buy_hold
2025-04-06,제대혈,leadership,2.5,,7.5795343319325035,buy_hold
2025-04-06,제대혈,leadership,1.25,,7.5795343319325035,buy_hold
2025-04-06,태풍 및 장마,leadership,1.6649999999999998,,40.304073817864975,buy_hold
2025-04-06,남북경협,leadership,3.0,,39.58716478026242,buy_hold
2025-04-06,남북경협,leadership,1.8175000000000001,,39.58716478026242,buy_hold
2025-04-06,남북경협,leadership,1.2116666666666667,,39.58716478026242,buy_hold
2025-04-06,그래핀,leadership,3.0,,3.287177373863515,buy_hold
2025-04-06,그래핀,leadership,1.6675,,3.287177373863515,buy_hold
2025-04-06,그래핀,leadership,1.1116666666666668,,3.287177373863515,buy_hold
2025-04-06,자전거,leadership,2.5,,19.84773055375654,buy_hold
2025-04-06,자전거,leadership,1.25,,19.84773055375654,buy_hold
2025-04-06,자전거,leadership,2.5,,19.84773055375654,buy_hold
2025-04-06,자전거,leadership,1.25,,19.84773055375654,buy_hold
2025-04-13,반도체 장비,cohesion,1.0371329759552204,,20.5428190898641,buy_hold
2025-04-13,반도체 장비,leadership,2.75,,20.5428190898641,buy_hold
2025-04-13,반도체 장비,leadership,1.375,,20.5428190898641,buy_hold
2025-04-13,플렉서블 디스플레이,tier,2.0,2.0,25.110685814593623,buy_hold
2025-04-13,플렉서블 디스플레이,cohesion,1.523348758694736,,25.110685814593623,buy_hold
2025-04-13,은행,cohesion,1.0624682123399254,,51.85215593576933,buy_hold
2025-04-13,은행,leadership,3.0,,51.85215593576933,buy_hold
2025-04-13,은행,leadership,1.6675,,51.85215593576933,buy_hold
2025-04-13,은행,leadership,1.1116666666666668,,51.85215593576933,buy_hold
2025-04-13,수산,cohesion,1.1651997122756723,,23.941030949247377,buy_hold
2025-04-13,제약업체,leadership,1.0050000000000001,,18.084562657711988,buy_hold
2025-04-13,증권,cohesion,1.2050729311984696,,63.10608624811369,buy_hold
2025-04-13,증권,leadership,1.175,,63.10608624811369,buy_hold
2025-04-13,시스템반도체,cohesion,1.5168539339503502,,24.18699126400319,buy_hold
2025-04-13,풍력에너지,leadership,3.0,,54.47296932606012,buy_hold
2025-04-13,풍력에너지,leadership,2.0524999999999998,,54.47296932606012,buy_hold
2025-04-13,풍력에너지,leadership,1.3683333333333332,,54.47296932606012,buy_hold
2025-04-13,태양광에너지,leadership,3.0,,42.09448822403009,buy_hold
2025-04-13,태양광에너지,leadership,1.6875,,42.09448822403009,buy_hold
2025-04-13,태양광에너지,leadership,1.125,,42.09448822403009,buy_hold
2025-04-13,4차산업 수혜주,leadership,2.0,,32.50824909196526,buy_hold
2025-04-13,4차산업 수혜주,leadership,1.0,,32.50824909196526,buy_hold
2025-04-13,자율주행차,leadership,2.31,,19.397733487026862,buy_hold
2025-04-13,자율주행차,leadership,1.155,,19.397733487026862,buy_hold
2025-04-13,2차전지,leadership,3.0,,15.405111937574203,buy_hold
2025-04-13,2차전지,leadership,1.605,,15.405111937574203,buy_hold
2025-04-13,2차전지,leadership,1.07,,15.405111937574203,buy_hold
2025-04-13,2차전지,leadership,3.0,,15.405111937574203,buy_hold
2025-04-13,2차전지,leadership,1.605,,15.405111937574203,buy_hold
2025-04-13,2차전지,leadership,1.07,,15.405111937574203,buy_hold
2025-04-13,건설 대표주,leadership,1.6649999999999998,,47.427099934628515,buy_hold
2025-04-13,원자력발전,tier,1.6804475824669556,1.0,43.08825430220094,buy_hold
2025-04-13,원자력발전,cohesion,1.4297460551808268,,43.08825430220094,buy_hold
2025-04-13,폐배터리,cohesion,1.9139571806857612,,30.421071309229568,buy_hold
2025-04-13,2차전지,leadership,3.0,,15.405111937574203,buy_hold
2025-04-13,2차전지,leadership,1.605,,15.405111937574203,buy_hold
2025-04-13,2차전지,leadership,1.07,,15.405111937574203,buy_hold
2025-04-13,광고,leadership,1.6649999999999998,,19.097086754121918,buy_hold
2025-04-13,카지노,leadership,1.6649999999999998,,34.96390471962925,buy_hold
2025-04-13,윤활유,leadership,3.0,,26.913030515528863,buy_hold
2025-04-13,윤활유,leadership,1.6675,,26.913030515528863,buy_hold
2025-04-13,윤활유,leadership,1.1116666666666668,,26.913030515528863,buy_hold
2025-04-13,자원개발,leadership,2.2199999999999998,,25.32631716485014,buy_hold
2025-04-13,자원개발,leadership,1.1099999999999999,,25.32631716485014,buy_hold
2025-04-13,은행,leadership,3.0,,51.85215593576933,buy_hold
2025-04-13,은행,leadership,1.6675,,51.85215593576933,buy_hold
2025-04-13,은행,leadership,1.1116666666666668,,51.85215593576933,buy_hold
2025-04-13,2차전지,tier,2.0,2.0,15.405111937574203,buy_hold
2025-04-13,2차전지,cohesion,1.730493123356754,,15.405111937574203,buy_hold
2025-04-13,2차전지,leadership,3.0,,15.405111937574203,buy_hold
2025-04-13,2차전지,leadership,1.605,,15.405111937574203,buy_hold
2025-04-13,2차전지,leadership,1.07,,15.405111937574203,buy_hold
2025-04-13,유리 기판,leadership,2.855,,21.059971940836096,buy_hold
2025-04-13,유리 기판,leadership,1.4275,,21.059971940836096,buy_hold
2025-04-13,GTX(수도권 광역급행철도),leadership,3.0,,28.889503922869043,buy_hold
2025-04-13,GTX(수도권 광역급행철도),leadership,1.5525,,28.889503922869043,buy_hold
2025-04-13,GTX(수도권 광역급행철도),leadership,1.035,,28.889503922869043,buy_hold
2025-04-13,사물인터넷,leadership,2.1350000000000002,,23.241032280642344,buy_hold
2025-04-13,사물인터넷,leadership,1.0675000000000001,,23.241032280642344,buy_hold
2025-04-13,전력설비,leadership,3.0,,50.154560558130655,buy_hold
2025-04-13,전력설비,leadership,1.5,,50.154560558130655,buy_hold
2025-04-13,전력설비,leadership,1.0,,50.154560558130655,buy_hold
2025-04-13,건설기계,cohesion,1.3843267428522843,,28.976242182626244,buy_hold
2025-04-13,전기차,leadership,2.0100000000000002,,18.560528422631492,buy_hold
2025-04-13,전기차,leadership,1.0050000000000001,,18.560528422631492,buy_hold
2025-04-13,자동차 대표주,cohesion,1.7200400651864094,,13.503428924417399,buy_hold
2025-04-13,해운,tier,1.5527370629542023,2.0,16.135571278896965,buy_hold
2025-04-13,해운,cohesion,1.3834340980742488,,16.135571278896965,buy_hold
2025-04-13,온디바이스 AI,tier,2.0,2.0,29.676783550988816,buy_hold
2025-04-13,온디바이스 AI,cohesion,2.411093522285953,,29.676783550988816,buy_hold
2025-04-13,탈모 치료,cohesion,1.2329625991820923,,9.552879067908707,buy_hold
2025-04-13,마스크,tier,1.0100771521895322,2.0,7.103228152536485,buy_hold
2025-04-13,마스크,cohesion,1.2363668208761087,,7.103228152536485,buy_hold
2025-04-13,증권,cohesion,1.4973604915169592,,63.10608624811369,buy_hold
2025-04-13,증권,leadership,1.175,,63.10608624811369,buy_hold
2025-04-13,철강 주요종목,cohesion,1.7487500930825197,,24.633186626254428,buy_hold
2025-04-13,비료,leadership,3.0,,27.87340619978545,buy_hold
2025-04-13,비료,leadership,1.6675,,27.87340619978545,buy_hold
2025-04-13,비료,leadership,1.1116666666666668,,27.87340619978545,buy_hold
2025-04-13,갤럭시 부품주,leadership,1.6649999999999998,,17.68043473840216,buy_hold
2025-04-13,폴더블폰,leadership,2.02,,23.225955488654716,buy_hold
2025-04-13,폴더블폰,leadership,1.01,,23.225955488654716,buy_hold
2025-04-13,석유화학,leadership,3.0,,43.743369028423366,buy_hold
2025-04-13,석유화학,leadership,1.6675,,43.743369028423366,buy_hold
2025-04-13,석유화학,leadership,1.1116666666666668,,43.743369028423366,buy_hold
2025-04-13,블록체인,leadership,1.6649999999999998,,38.38873105913686,buy_hold
2025-04-13,2차전지,leadership,3.0,,15.405111937574203,buy_hold
2025-04-13,2차전지,leadership,1.605,,15.405111937574203,buy_hold
2025-04-13,2차전지,leadership,1.07,,15.405111937574203,buy_hold
2025-04-13,2차전지,leadership,3.0,,15.405111937574203,buy_hold
2025-04-13,2차전지,leadership,1.605,,15.405111937574203,buy_hold
2025-04-13,2차전지,leadership,1.07,,15.405111937574203,buy_hold
2025-04-13,2차전지,cohesion,1.3811781534561842,,15.405111937574203,buy_hold
2025-04-13,2차전지,leadership,3.0,,15.405111937574203,buy_hold
2025-04-13,2차전지,leadership,1.605,,15.405111937574203,buy_hold
2025-04-13,2차전지,leadership,1.07,,15.405111937574203,buy_hold
2025-04-13,전기차,leadership,2.0100000000000002,,18.560528422631492,buy_hold
2025-04-13,전기차,leadership,1.0050000000000001,,18.560528422631492,buy_hold
2025-04-13,제습기,cohesion,1.5659965892603853,,33.529086461838496,buy_hold
2025-04-13,OLED(유기 발광 다이오드),leadership,1.5699999999999998,,15.05622440830011,buy_hold
2025-04-13,전기차,leadership,2.0100000000000002,,18.560528422631492,buy_hold
2025-04-13,전기차,leadership,1.0050000000000001,,18.560528422631492,buy_hold
2025-04-13,네옴시티,cohesion,1.0494986926805148,,30.735490775345752,buy_hold
2025-04-13,네옴시티,leadership,3.0,,30.735490775345752,buy_hold
2025-04-13,네옴시티,leadership,2.2375,,30.735490775345752,buy_hold
2025-04-13,네옴시티,leadership,1.4916666666666667,,30.735490775345752,buy_hold
2025-04-13,여행,cohesion,1.8777820772645242,,26.029465237179984,buy_hold
2025-04-13,제대혈,leadership,2.5,,11.357437970677752,buy_hold
2025-04-13,제대혈,leadership,1.25,,11.357437970677752,buy_hold
2025-04-13,태풍 및 장마,leadership,1.6649999999999998,,40.73858094649111,buy_hold
2025-04-13,남북경협,tier,1.0426073524572437,2.0,35.46139940482728,buy_hold
2025-04-13,남북경협,leadership,3.0,,35.46139940482728,buy_hold
2025-04-13,남북경협,leadership,1.8175000000000001,,35.46139940482728,buy_hold
2025-04-13,남북경협,leadership,1.2116666666666667,,35.46139940482728,buy_hold
2025-04-13,그래핀,leadership,3.0,,4.609529868729983,buy_hold
2025-04-13,그래핀,leadership,1.6675,,4.609529868729983,buy_hold
2025-04-13,그래핀,leadership,1.1116666666666668,,4.609529868729983,buy_hold
2025-04-13,핵융합에너지,cohesion,1.1408037028983886,,32.37679833104347,buy_hold
2025-04-13,골판지 제조,cohesion,1.3543627712285697,,22.736297175098372,buy_hold
2025-04-13,자전거,leadership,2.5,,19.881055215810846,buy_hold
2025-04-13,자전거,leadership,1.25,,19.881055215810846,buy_hold
2025-04-13,자전거,leadership,2.5,,19.881055215810846,buy_hold
2025-04-13,자전거,leadership,1.25,,19.881055215810846,buy_hold
2025-04-20,페인트,tier,1.3119382273936293,2.0,27.84140122872156,buy_hold
2025-04-20,페인트,cohesion,1.6573410041486738,,27.84140122872156,buy_hold
2025-04-20,반도체 장비,tier,1.1488273661993595,1.0,11.359430925802286,buy_hold
2025-04-20,반도체 장비,cohesion,2.181248647638681,,11.359430925802286,buy_hold
2025-04-20,반도체 장비,leadership,2.75,,11.359430925802286,buy_hold
2025-04-20,반도체 장비,leadership,1.375,,11.359430925802286,buy_hold
2025-04-20,플렉서블 디스플레이,tier,3.0,1.0,18.39973178071573,buy_hold
2025-04-20,플렉서블 디스플레이,cohesion,3.0,,18.39973178071573,buy_hold
2025-04-20,통신장비,cohesion,1.666317249435755,,14.425579655374298,buy_hold
2025-04-20,은행,tier,1.2960708470683304,1.0,57.61079215442589,buy_hold
2025-04-20,은행,cohesion,2.184021448203354,,57.61079215442589,buy_hold
2025-04-20,은행,leadership,3.0,,57.61079215442589,buy_hold
2025-04-20,은행,leadership,1.6675,,57.61079215442589,buy_hold
2025-04-20,은행,leadership,1.1116666666666668,,57.61079215442589,buy_hold
2025-04-20,제약업체,leadership,1.0050000000000001,,15.01164390095382,buy_hold
2025-04-20,화장품,cohesion,2.188150637433338,,18.144139161672538,buy_hold
2025-04-20,증권,cohesion,1.2352955646514285,,77.54072539341632,buy_hold
2025-04-20,증권,leadership,1.175,,77.54072539341632,buy_hold
2025-04-20,시스템반도체,tier,2.5743307953179855,1.0,16.536397396582952,buy_hold
2025-04-20,시스템반도체,cohesion,3.0,,16.536397396582952,buy_hold
2025-04-20,클라우드 컴퓨팅,tier,1.1901814631595875,2.0,23.947611441871697,buy_hold
2025-04-20,풍력에너지,leadership,3.0,,43.19976844660865,buy_hold
2025-04-20,풍력에너지,leadership,2.0524999999999998,,43.19976844660865,buy_hold
2025-04-20,풍력에너지,leadership,1.3683333333333332,,43.19976844660865,buy_hold
2025-04-20,태양광에너지,leadership,3.0,,34.22580477242239,buy_hold
2025-04-20,태양광에너지,leadership,1.6875,,34.22580477242239,buy_hold
2025-04-20,태양광에너지,leadership,1.125,,34.22580477242239,buy_hold
2025-04-20,4차산업 수혜주,leadership,2.0,,20.462435457182707,buy_hold
2025-04-20,4차산업 수혜주,leadership,1.0,,20.462435457182707,buy_hold
2025-04-20,자율주행차,leadership,2.31,,13.20309838728152,buy_hold
2025-04-20,자율주행차,leadership,1.155,,13.20309838728152,buy_hold
2025-04-20,2차전지,leadership,3.0,,8.906625539642798,buy_hold
2025-04-20,2차전지,leadership,1.605,,8.906625539642798,buy_hold
2025-04-20,2차전지,leadership,1.07,,8.906625539642798,buy_hold
2025-04-20,2차전지,leadership,3.0,,8.906625539642798,buy_hold
2025-04-20,2차전지,leadership,1.605,,8.906625539642798,buy_hold
2025-04-20,2차전지,leadership,1.07,,8.906625539642798,buy_hold
2025-04-20,건설 대표주,tier,1.658209892246404,2.0,42.584264311846745,buy_hold
2025-04-20,건설 대표주,cohesion,1.341156457235484,,42.584264311846745,buy_hold
2025-04-20,건설 대표주,leadership,1.6649999999999998,,42.584264311846745,buy_hold
2025-04-20,원자력발전,cohesion,2.095554515028781,,31.226444794348087,buy_hold
2025-04-20,폐배터리,cohesion,1.1949825084133687,,22.429498445710546,buy_hold
2025-04-20,2차전지,leadership,3.0,,8.906625539642798,buy_hold
2025-04-20,2차전지,leadership,1.605,,8.906625539642798,buy_hold
2025-04-20,2차전지,leadership,1.07,,8.906625539642798,buy_hold
2025-04-20,광고,leadership,1.6649999999999998,,14.401473215751654,buy_hold
2025-04-20,카지노,leadership,1.6649999999999998,,38.600621484442094,buy_hold
2025-04-20,정유,cohesion,1.2936526293326926,,45.52280978452799,buy_hold
2025-04-20,윤활유,leadership,3.0,,32.06327109085197,buy_hold
2025-04-20,윤활유,leadership,1.6675,,32.06327109085197,buy_hold
2025-04-20,윤활유,leadership,1.1116666666666668,,32.06327109085197,buy_hold
2025-04-20,자원개발,leadership,2.2199999999999998,,26.399750449289932,buy_hold
2025-04-20,자원개발,leadership,1.1099999999999999,,26.399750449289932,buy_hold
2025-04-20,종합상사,tier,2.0,2.0,37.69794619551954,buy_hold
2025-04-20,종합상사,cohesion,2.4965245284793314,,37.69794619551954,buy_hold
2025-04-20,은행,leadership,3.0,,57.61079215442589,buy_hold
2025-04-20,은행,leadership,1.6675,,57.61079215442589,buy_hold
2025-04-20,은행,leadership,1.1116666666666668,,57.61079215442589,buy_hold
2025-04-20,2차전지,tier,1.0258595754915631,1.0,8.906625539642798,buy_hold
2025-04-20,2차전지,cohesion,2.8607832993808695,,8.906625539642798,buy_hold
2025-04-20,2차전지,leadership,3.0,,8.906625539642798,buy_hold
2025-04-20,2차전지,leadership,1.605,,8.906625539642798,buy_hold
2025-04-20,2차전지,leadership,1.07,,8.906625539642798,buy_hold
2025-04-20,유리 기판,leadership,2.855,,9.268991417244251,buy_hold
2025-04-20,유리 기판,leadership,1.4275,,9.268991417244251,buy_hold
2025-04-20,GTX(수도권 광역급행철도),leadership,3.0,,22.451837022707657,buy_hold
2025-04-20,GTX(수도권 광역급행철도),leadership,1.5525,,22.451837022707657,buy_hold
2025-04-20,GTX(수도권 광역급행철도),leadership,1.035,,22.451837022707657,buy_hold
2025-04-20,사물인터넷,leadership,2.1350000000000002,,22.264563300208753,buy_hold
2025-04-20,사물인터넷,leadership,1.0675000000000001,,22.264563300208753,buy_hold
2025-04-20,전력설비,leadership,3.0,,40.35747230947781,buy_hold
2025-04-20,전력설비,leadership,1.5,,40.35747230947781,buy_hold
2025-04-20,전력설비,leadership,1.0,,40.35747230947781,buy_hold
2025-04-20,건설기계,cohesion,1.1969159188868608,,23.520407412626156,buy_hold
2025-04-20,전기차,leadership,2.0100000000000002,,11.95029890522387,buy_hold
2025-04-20,전기차,leadership,1.0050000000000001,,11.95029890522387,buy_hold
2025-04-20,자동차 대표주,cohesion,1.8179595210572497,,10.599248309983409,buy_hold
2025-04-20,해운,cohesion,1.5405840700989826,,8.04198134534163,buy_hold
2025-04-20,온디바이스 AI,tier,2.6895958937087237,1.0,19.995910217048202,buy_hold
2025-04-20,온디바이스 AI,cohesion,3.0,,19.995910217048202,buy_hold
2025-04-20,도시가스,cohesion,1.1964600236539906,,32.59284440753868,buy_hold
2025-04-20,겨울,tier,2.0,2.0,23.748850195711864,buy_hold
2025-04-20,겨울,cohesion,1.43024039745187,,23.748850195711864,buy_hold
2025-04-20,남-북-러 가스관사업,cohesion,1.5279038942661245,,10.229929667268722,buy_hold
2025-04-20,증권,leadership,1.175,,77.54072539341632,buy_hold
2025-04-20,삼성페이,cohesion,1.2680074176803406,,37.25552071159938,buy_hold
2025-04-20,철강 주요종목,tier,1.392062416144814,1.0,23.930178254429407,buy_hold
2025-04-20,철강 주요종목,cohesion,2.9522274457739024,,23.930178254429407,buy_hold
2025-04-20,비료,leadership,3.0,,22.866470992598682,buy_hold
2025-04-20,비료,leadership,1.6675,,22.866470992598682,buy_hold
2025-04-20,비료,leadership,1.1116666666666668,,22.866470992598682,buy_hold
2025-04-20,농업,tier,1.5330815380934393,2.0,17.623073791765677,buy_hold
2025-04-20,갤럭시 부품주,leadership,1.6649999999999998,,11.220796301425734,buy_hold
2025-04-20,폴더블폰,leadership,2.02,,15.899873312355172,buy_hold
2025-04-20,폴더블폰,leadership,1.01,,15.899873312355172,buy_hold
2025-04-20,석유화학,tier,3.0,1.0,43.011713498659,buy_hold
2025-04-20,석유화학,cohesion,3.0,,43.011713498659,buy_hold
2025-04-20,석유화학,leadership,3.0,,43.011713498659,buy_hold
2025-04-20,석유화학,leadership,1.6675,,43.011713498659,buy_hold
2025-04-20,석유화학,leadership,1.1116666666666668,,43.011713498659,buy_hold
2025-04-20,블록체인,leadership,1.6649999999999998,,37.21646477360682,buy_hold
2025-04-20,2차전지,tier,1.612655032876742,2.0,8.906625539642798,buy_hold
2025-04-20,2차전지,leadership,3.0,,8.906625539642798,buy_hold
2025-04-20,2차전지,leadership,1.605,,8.906625539642798,buy_hold
2025-04-20,2차전지,leadership,1.07,,8.906625539642798,buy_hold
2025-04-20,2차전지,leadership,3.0,,8.906625539642798,buy_hold
2025-04-20,2차전지,leadership,1.605,,8.906625539642798,buy_hold
2025-04-20,2차전지,leadership,1.07,,8.906625539642798,buy_hold
2025-04-20,2차전지,cohesion,2.143902675497799,,8.906625539642798,buy_hold
2025-04-20,2차전지,leadership,3.0,,8.906625539642798,buy_hold
2025-04-20,2차전지,leadership,1.605,,8.906625539642798,buy_hold
2025-04-20,2차전지,leadership,1.07,,8.906625539642798,buy_hold
2025-04-20,IT 대표주,tier,2.0,2.0,28.196549128819044,buy_hold
2025-04-20,IT 대표주,cohesion,2.8485478028632696,,28.196549128819044,buy_hold
2025-04-20,아이폰,tier,1.2701477390654525,2.0,17.644045215065063,buy_hold
2025-04-20,마이크로 LED,tier,2.0,2.0,18.690207294803617,buy_hold
2025-04-20,마이크로 LED,cohesion,3.0,,18.690207294803617,buy_hold
2025-04-20,무선충전기술,tier,2.0,2.0,17.026975941206743,buy_hold
2025-04-20,무선충전기술,cohesion,2.0012205243583705,,17.026975941206743,buy_hold
2025-04-20,전기차,leadership,2.0100000000000002,,11.95029890522387,buy_hold
2025-04-20,전기차,leadership,1.0050000000000001,,11.95029890522387,buy_hold
2025-04-20,제습기,tier,1.492427271904642,1.0,21.04016201332158,buy_hold
2025-04-20,제습기,cohesion,3.0,,21.04016201332158,buy_hold
2025-04-20,OLED(유기 발광 다이오드),leadership,1.5699999999999998,,7.846608585333659,buy_hold
2025-04-20,공기청정기,tier,1.0385651806989387,2.0,14.641491979738543,buy_hold
2025-04-20,공기청정기,cohesion,1.625202558755639,,14.641491979738543,buy_hold
2025-04-20,전기차,leadership,2.0100000000000002,,11.95029890522387,buy_hold
2025-04-20,전기차,leadership,1.0050000000000001,,11.95029890522387,buy_hold
2025-04-20,네옴시티,cohesion,1.3976449608868438,,23.839402170848945,buy_hold
2025-04-20,네옴시티,leadership,3.0,,23.839402170848945,buy_hold
2025-04-20,네옴시티,leadership,2.2375,,23.839402170848945,buy_hold
2025-04-20,네옴시티,leadership,1.4916666666666667,,23.839402170848945,buy_hold
2025-04-20,여행,cohesion,1.9725373512176354,,22.55571316517491,buy_hold
2025-04-20,제대혈,leadership,2.5,,6.280436002228581,buy_hold
2025-04-20,제대혈,leadership,1.25,,6.280436002228581,buy_hold
2025-04-20,태풍 및 장마,leadership,1.6649999999999998,,31.27006537771209,buy_hold
2025-04-20,남북경협,leadership,3.0,,28.21195196610699,buy_hold
2025-04-20,남북경협,leadership,1.8175000000000001,,28.21195196610699,buy_hold
2025-04-20,남북경협,leadership,1.2116666666666667,,28.21195196610699,buy_hold
2025-04-20,그래핀,leadership,3.0,,-0.25809617403898133,buy_hold
2025-04-20,그래핀,leadership,1.6675,,-0.25809617403898133,buy_hold
2025-04-20,그래핀,leadership,1.1116666666666668,,-0.25809617403898133,buy_hold
2025-04-20,핵융합에너지,tier,1.2406296278160518,1.0,24.6870581881222,buy_hold
2025-04-20,핵융합에너지,cohesion,2.329675762515836,,24.6870581881222,buy_hold
2025-04-20,육계,cohesion,1.1185102983124386,,10.814483943410949,buy_hold
2025-04-20,LED,cohesion,1.8439325474116515,,9.184820442426426,buy_hold
2025-04-20,뉴로모픽 반도체,cohesion,2.231379979344839,,20.08625659230909,buy_hold
2025-04-20,의료AI,tier,1.250708323422506,2.0,2.880460322400809,buy_hold
2025-04-20,의료AI,cohesion,1.012776447331512,,2.880460322400809,buy_hold
2025-04-20,원자력발전,tier,2.0,2.0,31.226444794348087,buy_hold
2025-04-20,원자력발전,cohesion,3.0,,31.226444794348087,buy_hold
2025-04-20,자전거,leadership,2.5,,22.72146369922437,buy_hold
2025-04-20,자전거,leadership,1.25,,22.72146369922437,buy_hold
2025-04-20,자전거,leadership,2.5,,22.72146369922437,buy_hold
2025-04-20,자전거,leadership,1.25,,22.72146369922437,buy_hold
2025-04-27,페인트,cohesion,1.1794129438719299,,21.70491007805962,buy_hold
2025-04-27,반도체 장비,leadership,2.75,,9.85541342289899,buy_hold
2025-04-27,반도체 장비,leadership,1.375,,9.85541342289899,buy_hold
2025-04-27,플렉서블 디스플레이,cohesion,3.0,,20.674428351003638,buy_hold
2025-04-27,통신장비,cohesion,1.6562653160579413,,11.244430012106378,buy_hold
2025-04-27,은행,cohesion,1.151764658499395,,43.37641005126479,buy_hold
2025-04-27,은행,leadership,3.0,,43.37641005126479,buy_hold
2025-04-27,은행,leadership,1.6675,,43.37641005126479,buy_hold
2025-04-27,은행,leadership,1.1116666666666668,,43.37641005126479,buy_hold
2025-04-27,제약업체,leadership,1.0050000000000001,,15.180817781820004,buy_hold
2025-04-27,화장품,cohesion,2.066607673512907,,19.728458246201054,buy_hold
2025-04-27,증권,leadership,1.175,,61.63643661826928,buy_hold
2025-04-27,시스템반도체,tier,1.3111969181065486,1.0,15.307675599221215,buy_hold
2025-04-27,시스템반도체,cohesion,3.0,,15.307675599221215,buy_hold
2025-04-27,풍력에너지,leadership,3.0,,34.9224532740326,buy_hold
2025-04-27,풍력에너지,leadership,2.0524999999999998,,34.9224532740326,buy_hold
2025-04-27,풍력에너지,leadership,1.3683333333333332,,34.9224532740326,buy_hold
2025-04-27,태양광에너지,leadership,3.0,,26.979620863306135,buy_hold
2025-04-27,태양광에너지,leadership,1.6875,,26.979620863306135,buy_hold
2025-04-27,태양광에너지,leadership,1.125,,26.979620863306135,buy_hold
2025-04-27,4차산업 수혜주,leadership,2.0,,27.707620346866552,buy_hold
2025-04-27,4차산업 수혜주,leadership,1.0,,27.707620346866552,buy_hold
2025-04-27,자율주행차,leadership,2.31,,11.057834192085895,buy_hold
2025-04-27,자율주행차,leadership,1.155,,11.057834192085895,buy_hold
2025-04-27,2차전지,leadership,3.0,,6.254998790326019,buy_hold
2025-04-27,2차전지,leadership,1.605,,6.254998790326019,buy_hold
2025-04-27,2차전지,leadership,1.07,,6.254998790326019,buy_hold
2025-04-27,2차전지,leadership,3.0,,6.254998790326019,buy_hold
2025-04-27,2차전지,leadership,1.605,,6.254998790326019,buy_hold
2025-04-27,2차전지,leadership,1.07,,6.254998790326019,buy_hold
2025-04-27,비철금속,tier,2.0,2.0,11.69230934161821,buy_hold
2025-04-27,비철금속,cohesion,2.3302779410165813,,11.69230934161821,buy_hold
2025-04-27,건설 대표주,cohesion,1.4420180649382692,,34.982993804528,buy_hold
2025-04-27,건설 대표주,leadership,1.6649999999999998,,34.982993804528,buy_hold
2025-04-27,철강 중소형,cohesion,1.175465868331924,,7.821961039833503,buy_hold
2025-04-27,폐배터리,tier,1.8168575236858553,1.0,15.930742354379095,buy_hold
2025-04-27,폐배터리,cohesion,2.9150929174058295,,15.930742354379095,buy_hold
2025-04-27,2차전지,leadership,3.0,,6.254998790326019,buy_hold
2025-04-27,2차전지,leadership,1.605,,6.254998790326019,buy_hold
2025-04-27,2차전지,leadership,1.07,,6.254998790326019,buy_hold
2025-04-27,광고,leadership,1.6649999999999998,,12.652449769388541,buy_hold
2025-04-27,카지노,leadership,1.6649999999999998,,38.30657868998222,buy_hold
2025-04-27,정유,cohesion,1.3658999334537356,,34.5741046774134,buy_hold
2025-04-27,윤활유,leadership,3.0,,26.616361067562874,buy_hold
2025-04-27,윤활유,leadership,1.6675,,26.616361067562874,buy_hold
2025-04-27,윤활유,leadership,1.1116666666666668,,26.616361067562874,buy_hold
2025-04-27,자원개발,leadership,2.2199999999999998,,21.726050823475692,buy_hold
2025-04-27,자원개발,leadership,1.1099999999999999,,21.726050823475692,buy_hold
2025-04-27,종합상사,cohesion,2.744467222510241,,36.41084462184762,buy_hold
2025-04-27,은행,leadership,3.0,,43.37641005126479,buy_hold
2025-04-27,은행,leadership,1.6675,,43.37641005126479,buy_hold
2025-04-27,은행,leadership,1.1116666666666668,,43.37641005126479,buy_hold
2025-04-27,2차전지,tier,3.0,1.0,6.254998790326019,buy_hold
2025-04-27,2차전지,cohesion,3.0,,6.254998790326019,buy_hold
2025-04-27,2차전지,leadership,3.0,,6.254998790326019,buy_hold
2025-04-27,2차전지,leadership,1.605,,6.254998790326019,buy_hold
2025-04-27,2차전지,leadership,1.07,,6.254998790326019,buy_hold
2025-04-27,유리 기판,tier,2.4627948546475156,1.0,6.98210402943443,buy_hold
2025-04-27,유리 기판,cohesion,3.0,,6.98210402943443,buy_hold
2025-04-27,유리 기판,leadership,2.855,,6.98210402943443,buy_hold
2025-04-27,유리 기판,leadership,1.4275,,6.98210402943443,buy_hold
2025-04-27,GTX(수도권 광역급행철도),leadership,3.0,,17.025367157573424,buy_hold
2025-04-27,GTX(수도권 광역급행철도),leadership,1.5525,,17.025367157573424,buy_hold
2025-04-27,GTX(수도권 광역급행철도),leadership,1.035,,17.025367157573424,buy_hold
2025-04-27,사물인터넷,leadership,2.1350000000000002,,30.413826421200753,buy_hold
2025-04-27,사물인터넷,leadership,1.0675000000000001,,30.413826421200753,buy_hold
2025-04-27,조선,tier,2.0,2.0,27.80840136169318,buy_hold
2025-04-27,조선,cohesion,2.2097457511057814,,27.80840136169318,buy_hold
2025-04-27,전력설비,leadership,3.0,,35.75187379109071,buy_hold
2025-04-27,전력설비,leadership,1.5,,35.75187379109071,buy_hold
2025-04-27,전력설비,leadership,1.0,,35.75187379109071,buy_hold
2025-04-27,전기차,leadership,2.0100000000000002,,8.903097920526433,buy_hold
2025-04-27,전기차,leadership,1.0050000000000001,,8.903097920526433,buy_hold
2025-04-27,자동차 대표주,cohesion,2.0089382483831923,,5.0861847666821305,buy_hold
2025-04-27,해운,cohesion,2.0777092932198875,,17.080607461722078,buy_hold
2025-04-27,온디바이스 AI,cohesion,3.0,,21.010723564822623,buy_hold
2025-04-27,타이어,cohesion,1.6122376646286076,,41.24926532546866,buy_hold
2025-04-27,도시가스,cohesion,1.3129731244360505,,28.240535714592948,buy_hold
2025-04-27,겨울,cohesion,1.8713342610114128,,22.03626198808536,buy_hold
2025-04-27,남-북-러 가스관사업,cohesion,1.5197930336068388,,6.298883118343456,buy_hold
2025-04-27,증권,tier,1.0144907386581856,2.0,61.63643661826928,buy_hold
2025-04-27,증권,leadership,1.175,,61.63643661826928,buy_hold
2025-04-27,삼성페이,cohesion,1.088650931691672,,32.14611913778544,buy_hold
2025-04-27,철강 주요종목,cohesion,3.0,,19.211313807317616,buy_hold
2025-04-27,비료,leadership,3.0,,17.77381979295782,buy_hold
2025-04-27,비료,leadership,1.6675,,17.77381979295782,buy_hold
2025-04-27,비료,leadership,1.1116666666666668,,17.77381979295782,buy_hold
2025-04-27,휴대폰부품,tier,3.0,1.0,8.467696766155525,buy_hold
2025-04-27,휴대폰부품,cohesion,3.0,,8.467696766155525,buy_hold
2025-04-27,갤럭시 부품주,leadership,1.6649999999999998,,12.392151323696694,buy_hold
2025-04-27,폴더블폰,leadership,2.02,,19.83708031291954,buy_hold
2025-04-27,폴더블폰,leadership,1.01,,19.83708031291954,buy_hold
2025-04-27,석유화학,cohesion,3.0,,33.23812654420818,buy_hold
2025-04-27,석유화학,leadership,3.0,,33.23812654420818,buy_hold
2025-04-27,석유화학,leadership,1.6675,,33.23812654420818,buy_hold
2025-04-27,석유화학,leadership,1.1116666666666668,,33.23812654420818,buy_hold
2025-04-27,블록체인,leadership,1.6649999999999998,,45.737487591180944,buy_hold
2025-04-27,2차전지,leadership,3.0,,6.254998790326019,buy_hold
2025-04-27,2차전지,leadership,1.605,,6.254998790326019,buy_hold
2025-04-27,2차전지,leadership,1.07,,6.254998790326019,buy_hold
2025-04-27,2차전지,tier,1.1845372078418568,2.0,6.254998790326019,buy_hold
2025-04-27,2차전지,cohesion,1.3376192247462975,,6.254998790326019,buy_hold
2025-04-27,2차전지,leadership,3.0,,6.254998790326019,buy_hold
2025-04-27,2차전지,leadership,1.605,,6.254998790326019,buy_hold
2025-04-27,2차전지,leadership,1.07,,6.254998790326019,buy_hold
2025-04-27,2차전지,tier,1.7626844789856928,1.0,6.254998790326019,buy_hold
2025-04-27,2차전지,cohesion,3.0,,6.254998790326019,buy_hold
2025-04-27,2차전지,leadership,3.0,,6.254998790326019,buy_hold
2025-04-27,2차전지,leadership,1.605,,6.254998790326019,buy_hold
2025-04-27,2차전지,leadership,1.07,,6.254998790326019,buy_hold
2025-04-27,IT 대표주,cohesion,3.0,,25.24375781710455,buy_hold
2025-04-27,아이폰,cohesion,1.6501422020107384,,19.12765444639686,buy_hold
2025-04-27,마이크로 LED,cohesion,3.0,,16.4104655457004,buy_hold
2025-04-27,무선충전기술,tier,1.181392529295947,1.0,17.543414353125566,buy_hold
2025-04-27,무선충전기술,cohesion,3.0,,17.543414353125566,buy_hold
2025-04-27,전기차,leadership,2.0100000000000002,,8.903097920526433,buy_hold
2025-04-27,전기차,leadership,1.0050000000000001,,8.903097920526433,buy_hold
2025-04-27,제습기,cohesion,2.6815250746153985,,17.823349820609174,buy_hold
2025-04-27,OLED(유기 발광 다이오드),leadership,1.5699999999999998,,9.555726497813303,buy_hold
2025-04-27,공기청정기,cohesion,1.2726161367810158,,11.570423689053408,buy_hold
2025-04-27,전기차,leadership,2.0100000000000002,,8.903097920526433,buy_hold
2025-04-27,전기차,leadership,1.0050000000000001,,8.903097920526433,buy_hold
2025-04-27,네옴시티,leadership,3.0,,20.129367156743303,buy_hold
2025-04-27,네옴시티,leadership,2.2375,,20.129367156743303,buy_hold
2025-04-27,네옴시티,leadership,1.4916666666666667,,20.129367156743303,buy_hold
2025-04-27,여행,cohesion,2.4382325399389635,,21.759048467479133,buy_hold
2025-04-27,제대혈,leadership,2.5,,4.307813417443874,buy_hold
2025-04-27,제대혈,leadership,1.25,,4.307813417443874,buy_hold
2025-04-27,지역화폐,cohesion,1.382175070317493,,55.90456150729282,buy_hold
2025-04-27,태풍 및 장마,leadership,1.6649999999999998,,24.618225881289707,buy_hold
2025-04-27,남북경협,leadership,3.0,,21.567624848097925,buy_hold
2025-04-27,남북경협,leadership,1.8175000000000001,,21.567624848097925,buy_hold
2025-04-27,남북경협,leadership,1.2116666666666667,,21.567624848097925,buy_hold
2025-04-27,그래핀,leadership,3.0,,-0.5926388364090314,buy_hold
2025-04-27,그래핀,leadership,1.6675,,-0.5926388364090314,buy_hold
2025-04-27,그래핀,leadership,1.1116666666666668,,-0.5926388364090314,buy_hold
2025-04-27,핵융합에너지,cohesion,2.3045844395745467,,19.08499104733199,buy_hold
2025-04-27,육계,cohesion,1.1596764976644598,,7.849782047774342,buy_hold
2025-04-27,LED,tier,1.1226026188034137,1.0,6.408689910046289,buy_hold
2025-04-27,LED,cohesion,3.0,,6.408689910046289,buy_hold
2025-04-27,뉴로모픽 반도체,cohesion,2.308678003430872,,23.37912274829613,buy_hold
2025-04-27,미용기기,cohesion,1.1375767511639043,,23.67728283419998,buy_hold
2025-04-27,원자력발전,cohesion,3.0,,25.49241976044543,buy_hold
2025-04-27,화학섬유,tier,1.2105386609796156,2.0,45.47773070580309,buy_hold
2025-04-27,화학섬유,cohesion,1.793484801540287,,45.47773070580309,buy_hold
2025-04-27,CCTV＆DVR,cohesion,1.7324808871816468,,20.520019943783197,buy_hold
2025-04-27,자전거,leadership,2.5,,20.55130763942202,buy_hold
2025-04-27,자전거,leadership,1.25,,20.55130763942202,buy_hold
2025-04-27,자전거,leadership,2.5,,20.55130763942202,buy_hold
2025-04-27,자전거,leadership,1.25,,20.55130763942202,buy_hold
2025-05-04,여름,tier,1.3265490530120887,2.0,4.492985381515753,buy_hold
2025-05-04,반도체 장비,leadership,2.75,,25.053642004799155,buy_hold
2025-05-04,반도체 장비,leadership,1.375,,25.053642004799155,buy_hold
2025-05-04,플렉서블 디스플레이,cohesion,2.665922671820607,,19.502991201758046,buy_hold
2025-05-04,통신장비,cohesion,1.7091562925326453,,8.176980187814282,buy_hold
2025-05-04,은행,leadership,3.0,,38.027011216111674,buy_hold
2025-05-04,은행,leadership,1.6675,,38.027011216111674,buy_hold
2025-05-04,은행,leadership,1.1116666666666668,,38.027011216111674,buy_hold
2025-05-04,제약업체,tier,1.3903699329264778,1.0,12.546714774977827,buy_hold
2025-05-04,제약업체,cohesion,1.3049584159817762,,12.546714774977827,buy_hold
2025-05-04,제약업체,leadership,1.0050000000000001,,12.546714774977827,buy_hold
2025-05-04,화장품,cohesion,2.3715683776250915,,14.420568236212798,buy_hold
2025-05-04,증권,leadership,1.175,,45.02814512380566,buy_hold
2025-05-04,시스템반도체,cohesion,1.0963115921167808,,12.228832978829193,buy_hold
2025-05-04,손해보험,tier,1.649898712149792,2.0,31.992389855589742,buy_hold
2025-05-04,손해보험,cohesion,1.86044985401671,,31.992389855589742,buy_hold
2025-05-04,풍력에너지,leadership,3.0,,35.067146185288145,buy_hold
2025-05-04,풍력에너지,leadership,2.0524999999999998,,35.067146185288145,buy_hold
2025-05-04,풍력에너지,leadership,1.3683333333333332,,35.067146185288145,buy_hold
2025-05-04,태양광에너지,leadership,3.0,,26.670301303287555,buy_hold
2025-05-04,태양광에너지,leadership,1.6875,,26.670301303287555,buy_hold
2025-05-04,태양광에너지,leadership,1.125,,26.670301303287555,buy_hold
2025-05-04,4차산업 수혜주,leadership,2.0,,23.15691511857456,buy_hold
2025-05-04,4차산업 수혜주,leadership,1.0,,23.15691511857456,buy_hold
2025-05-04,자율주행차,leadership,2.31,,9.044862732504656,buy_hold
2025-05-04,자율주행차,leadership,1.155,,9.044862732504656,buy_hold
2025-05-04,2차전지,leadership,3.0,,9.623092592568783,buy_hold
2025-05-04,2차전지,leadership,1.605,,9.623092592568783,buy_hold
2025-05-04,2차전지,leadership,1.07,,9.623092592568783,buy_hold
2025-05-04,2차전지,leadership,3.0,,9.623092592568783,buy_hold
2025-05-04,2차전지,leadership,1.605,,9.623092592568783,buy_hold
2025-05-04,2차전지,leadership,1.07,,9.623092592568783,buy_hold
2025-05-04,비철금속,cohesion,1.0855007243149237,,13.683636131568674,buy_hold
2025-05-04,건설 대표주,cohesion,2.256650332932821,,25.074913692400855,buy_hold
2025-05-04,건설 대표주,leadership,1.6649999999999998,,25.074913692400855,buy_hold
2025-05-04,폐배터리,cohesion,2.827229964014956,,17.86479139181855,buy_hold
2025-05-04,2차전지,leadership,3.0,,9.623092592568783,buy_hold
2025-05-04,2차전지,leadership,1.605,,9.623092592568783,buy_hold
2025-05-04,2차전지,leadership,1.07,,9.623092592568783,buy_hold
2025-05-04,광고,leadership,1.6649999999999998,,8.797520791290651,buy_hold
2025-05-04,카지노,leadership,1.6649999999999998,,27.924036943941058,buy_hold
2025-05-04,정유,cohesion,1.2975193416888127,,33.2972031959951,buy_hold
2025-05-04,윤활유,leadership,3.0,,22.167127995504803,buy_hold
2025-05-04,윤활유,leadership,1.6675,,22.167127995504803,buy_hold
2025-05-04,윤활유,leadership,1.1116666666666668,,22.167127995504803,buy_hold
2025-05-04,자원개발,leadership,2.2199999999999998,,19.222054057971427,buy_hold
2025-05-04,자원개발,leadership,1.1099999999999999,,19.222054057971427,buy_hold
2025-05-04,종합상사,cohesion,1.8089428842083963,,29.36060417078235,buy_hold
2025-05-04,은행,leadership,3.0,,38.027011216111674,buy_hold
2025-05-04,은행,leadership,1.6675,,38.027011216111674,buy_hold
2025-05-04,은행,leadership,1.1116666666666668,,38.027011216111674,buy_hold
2025-05-04,2차전지,cohesion,3.0,,9.623092592568783,buy_hold
2025-05-04,2차전지,leadership,3.0,,9.623092592568783,buy_hold
2025-05-04,2차전지,leadership,1.605,,9.623092592568783,buy_hold
2025-05-04,2차전지,leadership,1.07,,9.623092592568783,buy_hold
2025-05-04,유리 기판,cohesion,3.0,,8.411231493027902,buy_hold
2025-05-04,유리 기판,leadership,2.855,,8.411231493027902,buy_hold
2025-05-04,유리 기판,leadership,1.4275,,8.411231493027902,buy_hold
2025-05-04,GTX(수도권 광역급행철도),leadership,3.0,,11.244722905623583,buy_hold
2025-05-04,GTX(수도권 광역급행철도),leadership,1.5525,,11.244722905623583,buy_hold
2025-05-04,GTX(수도권 광역급행철도),leadership,1.035,,11.244722905623583,buy_hold
2025-05-04,사물인터넷,leadership,2.1350000000000002,,25.208978873186375,buy_hold
2025-05-04,사물인터넷,leadership,1.0675000000000001,,25.208978873186375,buy_hold
2025-05-04,면세점,cohesion,1.2704287154104486,,23.57625227364983,buy_hold
2025-05-04,조선,cohesion,2.4432916473299273,,27.409133969021287,buy_hold
2025-05-04,전력설비,leadership,3.0,,29.415081405068452,buy_hold
2025-05-04,전력설비,leadership,1.5,,29.415081405068452,buy_hold
2025-05-04,전력설비,leadership,1.0,,29.415081405068452,buy_hold
2025-05-04,전기차,leadership,2.0100000000000002,,11.213839881257352,buy_hold
2025-05-04,전기차,leadership,1.0050000000000001,,11.213839881257352,buy_hold
2025-05-04,자동차 대표주,cohesion,2.0866601844958836,,5.426678211664078,buy_hold
2025-05-04,해운,cohesion,1.9898092505155531,,18.526370110995327,buy_hold
2025-05-04,온디바이스 AI,cohesion,3.0,,20.079796288735388,buy_hold
2025-05-04,겨울,cohesion,2.1407822782382238,,17.21867639309359,buy_hold
2025-05-04,남-북-러 가스관사업,cohesion,1.239759349255567,,10.45099903354788,buy_hold
2025-05-04,증권,leadership,1.175,,45.02814512380566,buy_hold
2025-05-04,철강 주요종목,cohesion,2.7592006142558527,,23.08893346569953,buy_hold
2025-05-04,비료,leadership,3.0,,16.5845516060599,buy_hold
2025-05-04,비료,leadership,1.6675,,16.5845516060599,buy_hold
2025-05-04,비료,leadership,1.1116666666666668,,16.5845516060599,buy_hold
2025-05-04,갤럭시 부품주,leadership,1.6649999999999998,,13.333151429792585,buy_hold
2025-05-04,폴더블폰,leadership,2.02,,21.299966828085143,buy_hold
2025-05-04,폴더블폰,leadership,1.01,,21.299966828085143,buy_hold
2025-05-04,석유화학,cohesion,2.873333811532092,,30.982846836751264,buy_hold
2025-05-04,석유화학,leadership,3.0,,30.982846836751264,buy_hold
2025-05-04,석유화학,leadership,1.6675,,30.982846836751264,buy_hold
2025-05-04,석유화학,leadership,1.1116666666666668,,30.982846836751264,buy_hold
2025-05-04,블록체인,leadership,1.6649999999999998,,38.74283665615423,buy_hold
2025-05-04,2차전지,leadership,3.0,,9.623092592568783,buy_hold
2025-05-04,2차전지,leadership,1.605,,9.623092592568783,buy_hold
2025-05-04,2차전지,leadership,1.07,,9.623092592568783,buy_hold
2025-05-04,2차전지,cohesion,1.170595940821287,,9.623092592568783,buy_hold
2025-05-04,2차전지,leadership,3.0,,9.623092592568783,buy_hold
2025-05-04,2차전지,leadership,1.605,,9.623092592568783,buy_hold
2025-05-04,2차전지,leadership,1.07,,9.623092592568783,buy_hold
2025-05-04,2차전지,cohesion,3.0,,9.623092592568783,buy_hold
2025-05-04,2차전지,leadership,3.0,,9.623092592568783,buy_hold
2025-05-04,2차전지,leadership,1.605,,9.623092592568783,buy_hold
2025-05-04,2차전지,leadership,1.07,,9.623092592568783,buy_hold
2025-05-04,IT 대표주,cohesion,2.8611671885108536,,24.080911925371378,buy_hold
2025-05-04,마이크로 LED,cohesion,2.8555549528516306,,18.30906981540655,buy_hold
2025-05-04,무선충전기술,cohesion,2.820760645305468,,13.76360365625976,buy_hold
2025-05-04,전기차,leadership,2.0100000000000002,,11.213839881257352,buy_hold
2025-05-04,전기차,leadership,1.0050000000000001,,11.213839881257352,buy_hold
2025-05-04,제습기,cohesion,2.457980324996502,,13.606395267108082,buy_hold
2025-05-04,OLED(유기 발광 다이오드),leadership,1.5699999999999998,,7.820658196213061,buy_hold
2025-05-04,공기청정기,cohesion,1.2874654822141112,,8.281839165412354,buy_hold
2025-05-04,전기차,leadership,2.0100000000000002,,11.213839881257352,buy_hold
2025-05-04,전기차,leadership,1.0050000000000001,,11.213839881257352,buy_hold
2025-05-04,네옴시티,leadership,3.0,,17.80333990041014,buy_hold
2025-05-04,네옴시티,leadership,2.2375,,17.80333990041014,buy_hold
2025-05-04,네옴시티,leadership,1.4916666666666667,,17.80333990041014,buy_hold
2025-05-04,스마트폰,tier,1.1107458405446367,2.0,4.001038565254045,buy_hold
2025-05-04,여행,cohesion,1.4532434662870022,,11.828264680633517,buy_hold
2025-05-04,제대혈,leadership,2.5,,5.4821326828477615,buy_hold
2025-05-04,제대혈,leadership,1.25,,5.4821326828477615,buy_hold
2025-05-04,지역화폐,cohesion,1.63540736201252,,43.597745196043846,buy_hold
2025-05-04,태풍 및 장마,leadership,1.6649999999999998,,25.11637871509748,buy_hold
2025-05-04,남북경협,leadership,3.0,,17.27744367980426,buy_hold
2025-05-04,남북경협,leadership,1.8175000000000001,,17.27744367980426,buy_hold
2025-05-04,남북경협,leadership,1.2116666666666667,,17.27744367980426,buy_hold
2025-05-04,그래핀,leadership,3.0,,-1.2547844223098357,buy_hold
2025-05-04,그래핀,leadership,1.6675,,-1.2547844223098357,buy_hold
2025-05-04,그래핀,leadership,1.1116666666666668,,-1.2547844223098357,buy_hold
2025-05-04,핵융합에너지,cohesion,2.7417422514724605,,27.490327900153485,buy_hold
2025-05-04,육계,cohesion,1.6536109688317275,,3.4209862459579647,buy_hold
2025-05-04,LED,cohesion,2.264777523759815,,4.692863071782321,buy_hold
2025-05-04,뉴로모픽 반도체,cohesion,2.572549922302225,,17.820084390254898,buy_hold
2025-05-04,원자력발전,cohesion,2.8305571609641267,,24.78757020181731,buy_hold
2025-05-04,화학섬유,cohesion,1.6227005708847797,,38.02798095548202,buy_hold
2025-05-04,자전거,leadership,2.5,,14.558282473136812,buy_hold
2025-05-04,자전거,leadership,1.25,,14.558282473136812,buy_hold
2025-05-04,자전거,leadership,2.5,,14.558282473136812,buy_hold
2025-05-04,자전거,leadership,1.25,,14.558282473136812,buy_hold
